[2026-09-27 18:51:44] production.ERROR: Class "Str" not found {"exception":"[object] (Error(code: 0): Class \"Str\" not found at D:/project laravel/centralkitchen/config/app.php:106)
[stacktrace]
#0 D:/project laravel/centralkitchen/vendor/laravel/framework/src/Illuminate/Foundation/Bootstrap/LoadConfiguration.php(115): require()
#1 D:/project laravel/centralkitchen/vendor/laravel/framework/src/Illuminate/Foundation/Bootstrap/LoadConfiguration.php(115): Illuminate/Foundation/Bootstrap/LoadConfiguration->Illuminate/Foundation/Bootstrap/{closure}()
#2 D:/project laravel/centralkitchen/vendor/laravel/framework/src/Illuminate/Foundation/Bootstrap/LoadConfiguration.php(96): Illuminate/Foundation/Bootstrap/LoadConfiguration->loadConfigurationFile(Object(Illuminate/Config/Repository), 'app', 'D://project lara...', Array)
#3 D:/project laravel/centralkitchen/vendor/laravel/framework/src/Illuminate/Foundation/Bootstrap/LoadConfiguration.php(55): Illuminate/Foundation/Bootstrap/LoadConfiguration->loadConfigurationFiles(Object(Illuminate/Foundation/Application), Object(Illuminate/Config/Repository))
#4 D:/project laravel/centralkitchen/vendor/laravel/framework/src/Illuminate/Foundation/Application.php(349): Illuminate/Foundation/Bootstrap/LoadConfiguration->bootstrap(Object(Illuminate/Foundation/Application))
#5 D:/project laravel/centralkitchen/vendor/laravel/framework/src/Illuminate/Foundation/Console/Kernel.php(507): Illuminate/Foundation/Application->bootstrapWith(Array)
#6 D:/project laravel/centralkitchen/vendor/laravel/framework/src/Illuminate/Foundation/Console/Kernel.php(196): Illuminate/Foundation/Console/Kernel->bootstrap()
#7 D:/project laravel/centralkitchen/vendor/laravel/framework/src/Illuminate/Foundation/Application.php(1242): Illuminate/Foundation/Console/Kernel->handle(Object(Symfony/Component/Console/Input/ArgvInput), Object(Symfony/Component/Console/Output/ConsoleOutput))
#8 D:/project laravel/centralkitchen/artisan(14): Illuminate/Foundation/Application->handleCommand(Object(Symfony/Component/Console/Input/ArgvInput))
#9 {main}
"} 
[2026-09-28 01:51:49] local.ERROR: The D:\project laravel\centralkitchen\bootstrap\cache directory must be present and writable. {"exception":"[object] (Exception(code: 0): The D:\\project laravel\\centralkitchen\\bootstrap\\cache directory must be present and writable. at D:/project laravel/centralkitchen/vendor/laravel/framework/src/Illuminate/Foundation/PackageManifest.php:179)
[stacktrace]
#0 D:/project laravel/centralkitchen/vendor/laravel/framework/src/Illuminate/Foundation/PackageManifest.php(132): Illuminate/Foundation/PackageManifest->write(Array)
#1 D:/project laravel/centralkitchen/vendor/laravel/framework/src/Illuminate/Foundation/PackageManifest.php(108): Illuminate/Foundation/PackageManifest->build()
#2 D:/project laravel/centralkitchen/vendor/laravel/framework/src/Illuminate/Foundation/PackageManifest.php(90): Illuminate/Foundation/PackageManifest->getManifest()
#3 D:/project laravel/centralkitchen/vendor/laravel/framework/src/Illuminate/Foundation/PackageManifest.php(79): Illuminate/Foundation/PackageManifest->config('aliases')
#4 D:/project laravel/centralkitchen/vendor/laravel/framework/src/Illuminate/Foundation/Bootstrap/RegisterFacades.php(26): Illuminate/Foundation/PackageManifest->aliases()
#5 D:/project laravel/centralkitchen/vendor/laravel/framework/src/Illuminate/Foundation/Application.php(349): Illuminate/Foundation/Bootstrap/RegisterFacades->bootstrap(Object(Illuminate/Foundation/Application))
#6 D:/project laravel/centralkitchen/vendor/laravel/framework/src/Illuminate/Foundation/Console/Kernel.php(507): Illuminate/Foundation/Application->bootstrapWith(Array)
#7 D:/project laravel/centralkitchen/vendor/laravel/framework/src/Illuminate/Foundation/Console/Kernel.php(196): Illuminate/Foundation/Console/Kernel->bootstrap()
#8 D:/project laravel/centralkitchen/vendor/laravel/framework/src/Illuminate/Foundation/Application.php(1242): Illuminate/Foundation/Console/Kernel->handle(Object(Symfony/Component/Console/Input/ArgvInput), Object(Symfony/Component/Console/Output/ConsoleOutput))
#9 D:/project laravel/centralkitchen/artisan(14): Illuminate/Foundation/Application->handleCommand(Object(Symfony/Component/Console/Input/ArgvInput))
#10 {main}
"} 
[2026-09-28 01:51:53] local.ERROR: Class "App\Providers\AppServiceProvider" not found {"exception":"[object] (Error(code: 0): Class \"App\\Providers\\AppServiceProvider\" not found at D:/project laravel/centralkitchen/vendor/laravel/framework/src/Illuminate/Foundation/ProviderRepository.php:205)
[stacktrace]
#0 D:/project laravel/centralkitchen/vendor/laravel/framework/src/Illuminate/Foundation/ProviderRepository.php(141): Illuminate/Foundation/ProviderRepository->createProvider('App//Providers//A...')
#1 D:/project laravel/centralkitchen/vendor/laravel/framework/src/Illuminate/Foundation/ProviderRepository.php(60): Illuminate/Foundation/ProviderRepository->compileManifest(Array)
#2 D:/project laravel/centralkitchen/vendor/laravel/framework/src/Illuminate/Foundation/Application.php(878): Illuminate/Foundation/ProviderRepository->load(Array)
#3 D:/project laravel/centralkitchen/vendor/laravel/framework/src/Illuminate/Foundation/Bootstrap/RegisterProviders.php(37): Illuminate/Foundation/Application->registerConfiguredProviders()
#4 D:/project laravel/centralkitchen/vendor/laravel/framework/src/Illuminate/Foundation/Application.php(349): Illuminate/Foundation/Bootstrap/RegisterProviders->bootstrap(Object(Illuminate/Foundation/Application))
#5 D:/project laravel/centralkitchen/vendor/laravel/framework/src/Illuminate/Foundation/Console/Kernel.php(507): Illuminate/Foundation/Application->bootstrapWith(Array)
#6 D:/project laravel/centralkitchen/vendor/laravel/framework/src/Illuminate/Foundation/Console/Kernel.php(196): Illuminate/Foundation/Console/Kernel->bootstrap()
#7 D:/project laravel/centralkitchen/vendor/laravel/framework/src/Illuminate/Foundation/Application.php(1242): Illuminate/Foundation/Console/Kernel->handle(Object(Symfony/Component/Console/Input/ArgvInput), Object(Symfony/Component/Console/Output/ConsoleOutput))
#8 D:/project laravel/centralkitchen/artisan(14): Illuminate/Foundation/Application->handleCommand(Object(Symfony/Component/Console/Input/ArgvInput))
#9 {main}
"} 
[2026-09-28 01:52:25] local.ERROR: Target class [files] does not exist. {"exception":"[object] (Illuminate\\Contracts\\Container\\BindingResolutionException(code: 0): Target class [files] does not exist. at D:/project laravel/centralkitchen/vendor/laravel/framework/src/Illuminate/Container/Container.php:1149)
[stacktrace]
#0 D:/project laravel/centralkitchen/vendor/laravel/framework/src/Illuminate/Container/Container.php(939): Illuminate/Container/Container->build('files')
#1 D:/project laravel/centralkitchen/vendor/laravel/framework/src/Illuminate/Foundation/Application.php(1085): Illuminate/Container/Container->resolve('files', Array, true)
#2 D:/project laravel/centralkitchen/vendor/laravel/framework/src/Illuminate/Container/Container.php(867): Illuminate/Foundation/Application->resolve('files', Array)
#3 D:/project laravel/centralkitchen/vendor/laravel/framework/src/Illuminate/Foundation/Application.php(1065): Illuminate/Container/Container->make('files', Array)
#4 D:/project laravel/centralkitchen/vendor/laravel/framework/src/Illuminate/Container/Container.php(1846): Illuminate/Foundation/Application->make('files')
#5 D:/project laravel/centralkitchen/vendor/laravel/framework/src/Illuminate/Foundation/Application.php(1340): Illuminate/Container/Container->offsetGet('files')
#6 D:/project laravel/centralkitchen/vendor/laravel/sanctum/src/SanctumServiceProvider.php(68): Illuminate/Foundation/Application->routesAreCached()
#7 D:/project laravel/centralkitchen/vendor/laravel/sanctum/src/SanctumServiceProvider.php(56): Laravel/Sanctum/SanctumServiceProvider->defineRoutes()
#8 D:/project laravel/centralkitchen/vendor/laravel/framework/src/Illuminate/Container/BoundMethod.php(36): Laravel/Sanctum/SanctumServiceProvider->boot()
#9 D:/project laravel/centralkitchen/vendor/laravel/framework/src/Illuminate/Container/Util.php(43): Illuminate/Container/BoundMethod::Illuminate/Container/{closure}()
#10 D:/project laravel/centralkitchen/vendor/laravel/framework/src/Illuminate/Container/BoundMethod.php(96): Illuminate/Container/Util::unwrapIfClosure(Object(Closure))
#11 D:/project laravel/centralkitchen/vendor/laravel/framework/src/Illuminate/Container/BoundMethod.php(35): Illuminate/Container/BoundMethod::callBoundMethod(Object(Illuminate/Foundation/Application), Array, Object(Closure))
#12 D:/project laravel/centralkitchen/vendor/laravel/framework/src/Illuminate/Container/Container.php(803): Illuminate/Container/BoundMethod::call(Object(Illuminate/Foundation/Application), Array, Array, NULL)
#13 D:/project laravel/centralkitchen/vendor/laravel/framework/src/Illuminate/Foundation/Application.php(1158): Illuminate/Container/Container->call(Array)
#14 D:/project laravel/centralkitchen/vendor/laravel/framework/src/Illuminate/Foundation/Application.php(1139): Illuminate/Foundation/Application->bootProvider(Object(Laravel/Sanctum/SanctumServiceProvider))
#15 [internal function]: Illuminate/Foundation/Application->Illuminate/Foundation/{closure}(Object(Laravel/Sanctum/SanctumServiceProvider), 'Laravel//Sanctum...')
#16 D:/project laravel/centralkitchen/vendor/laravel/framework/src/Illuminate/Foundation/Application.php(1138): array_walk(Array, Object(Closure))
#17 D:/project laravel/centralkitchen/vendor/laravel/framework/src/Illuminate/Foundation/Bootstrap/BootProviders.php(17): Illuminate/Foundation/Application->boot()
#18 D:/project laravel/centralkitchen/vendor/laravel/framework/src/Illuminate/Foundation/Application.php(349): Illuminate/Foundation/Bootstrap/BootProviders->bootstrap(Object(Illuminate/Foundation/Application))
#19 D:/project laravel/centralkitchen/vendor/laravel/framework/src/Illuminate/Foundation/Console/Kernel.php(507): Illuminate/Foundation/Application->bootstrapWith(Array)
#20 D:/project laravel/centralkitchen/vendor/laravel/framework/src/Illuminate/Foundation/Console/Kernel.php(196): Illuminate/Foundation/Console/Kernel->bootstrap()
#21 D:/project laravel/centralkitchen/vendor/laravel/framework/src/Illuminate/Foundation/Application.php(1242): Illuminate/Foundation/Console/Kernel->handle(Object(Symfony/Component/Console/Input/ArgvInput), Object(Symfony/Component/Console/Output/ConsoleOutput))
#22 D:/project laravel/centralkitchen/artisan(14): Illuminate/Foundation/Application->handleCommand(Object(Symfony/Component/Console/Input/ArgvInput))
#23 {main}

[previous exception] [object] (ReflectionException(code: -1): Class \"files\" does not exist at D:/project laravel/centralkitchen/vendor/laravel/framework/src/Illuminate/Container/Container.php:1147)
[stacktrace]
#0 D:/project laravel/centralkitchen/vendor/laravel/framework/src/Illuminate/Container/Container.php(1147): ReflectionClass->__construct('files')
#1 D:/project laravel/centralkitchen/vendor/laravel/framework/src/Illuminate/Container/Container.php(939): Illuminate/Container/Container->build('files')
#2 D:/project laravel/centralkitchen/vendor/laravel/framework/src/Illuminate/Foundation/Application.php(1085): Illuminate/Container/Container->resolve('files', Array, true)
#3 D:/project laravel/centralkitchen/vendor/laravel/framework/src/Illuminate/Container/Container.php(867): Illuminate/Foundation/Application->resolve('files', Array)
#4 D:/project laravel/centralkitchen/vendor/laravel/framework/src/Illuminate/Foundation/Application.php(1065): Illuminate/Container/Container->make('files', Array)
#5 D:/project laravel/centralkitchen/vendor/laravel/framework/src/Illuminate/Container/Container.php(1846): Illuminate/Foundation/Application->make('files')
#6 D:/project laravel/centralkitchen/vendor/laravel/framework/src/Illuminate/Foundation/Application.php(1340): Illuminate/Container/Container->offsetGet('files')
#7 D:/project laravel/centralkitchen/vendor/laravel/sanctum/src/SanctumServiceProvider.php(68): Illuminate/Foundation/Application->routesAreCached()
#8 D:/project laravel/centralkitchen/vendor/laravel/sanctum/src/SanctumServiceProvider.php(56): Laravel/Sanctum/SanctumServiceProvider->defineRoutes()
#9 D:/project laravel/centralkitchen/vendor/laravel/framework/src/Illuminate/Container/BoundMethod.php(36): Laravel/Sanctum/SanctumServiceProvider->boot()
#10 D:/project laravel/centralkitchen/vendor/laravel/framework/src/Illuminate/Container/Util.php(43): Illuminate/Container/BoundMethod::Illuminate/Container/{closure}()
#11 D:/project laravel/centralkitchen/vendor/laravel/framework/src/Illuminate/Container/BoundMethod.php(96): Illuminate/Container/Util::unwrapIfClosure(Object(Closure))
#12 D:/project laravel/centralkitchen/vendor/laravel/framework/src/Illuminate/Container/BoundMethod.php(35): Illuminate/Container/BoundMethod::callBoundMethod(Object(Illuminate/Foundation/Application), Array, Object(Closure))
#13 D:/project laravel/centralkitchen/vendor/laravel/framework/src/Illuminate/Container/Container.php(803): Illuminate/Container/BoundMethod::call(Object(Illuminate/Foundation/Application), Array, Array, NULL)
#14 D:/project laravel/centralkitchen/vendor/laravel/framework/src/Illuminate/Foundation/Application.php(1158): Illuminate/Container/Container->call(Array)
#15 D:/project laravel/centralkitchen/vendor/laravel/framework/src/Illuminate/Foundation/Application.php(1139): Illuminate/Foundation/Application->bootProvider(Object(Laravel/Sanctum/SanctumServiceProvider))
#16 [internal function]: Illuminate/Foundation/Application->Illuminate/Foundation/{closure}(Object(Laravel/Sanctum/SanctumServiceProvider), 'Laravel//Sanctum...')
#17 D:/project laravel/centralkitchen/vendor/laravel/framework/src/Illuminate/Foundation/Application.php(1138): array_walk(Array, Object(Closure))
#18 D:/project laravel/centralkitchen/vendor/laravel/framework/src/Illuminate/Foundation/Bootstrap/BootProviders.php(17): Illuminate/Foundation/Application->boot()
#19 D:/project laravel/centralkitchen/vendor/laravel/framework/src/Illuminate/Foundation/Application.php(349): Illuminate/Foundation/Bootstrap/BootProviders->bootstrap(Object(Illuminate/Foundation/Application))
#20 D:/project laravel/centralkitchen/vendor/laravel/framework/src/Illuminate/Foundation/Console/Kernel.php(507): Illuminate/Foundation/Application->bootstrapWith(Array)
#21 D:/project laravel/centralkitchen/vendor/laravel/framework/src/Illuminate/Foundation/Console/Kernel.php(196): Illuminate/Foundation/Console/Kernel->bootstrap()
#22 D:/project laravel/centralkitchen/vendor/laravel/framework/src/Illuminate/Foundation/Application.php(1242): Illuminate/Foundation/Console/Kernel->handle(Object(Symfony/Component/Console/Input/ArgvInput), Object(Symfony/Component/Console/Output/ConsoleOutput))
#23 D:/project laravel/centralkitchen/artisan(14): Illuminate/Foundation/Application->handleCommand(Object(Symfony/Component/Console/Input/ArgvInput))
#24 {main}
"} 
[2026-09-28 01:52:39] local.ERROR: Target class [files] does not exist. {"exception":"[object] (Illuminate\\Contracts\\Container\\BindingResolutionException(code: 0): Target class [files] does not exist. at D:/project laravel/centralkitchen/vendor/laravel/framework/src/Illuminate/Container/Container.php:1149)
[stacktrace]
#0 D:/project laravel/centralkitchen/vendor/laravel/framework/src/Illuminate/Container/Container.php(939): Illuminate/Container/Container->build('files')
#1 D:/project laravel/centralkitchen/vendor/laravel/framework/src/Illuminate/Foundation/Application.php(1085): Illuminate/Container/Container->resolve('files', Array, true)
#2 D:/project laravel/centralkitchen/vendor/laravel/framework/src/Illuminate/Container/Container.php(867): Illuminate/Foundation/Application->resolve('files', Array)
#3 D:/project laravel/centralkitchen/vendor/laravel/framework/src/Illuminate/Foundation/Application.php(1065): Illuminate/Container/Container->make('files', Array)
#4 D:/project laravel/centralkitchen/vendor/laravel/framework/src/Illuminate/Container/Container.php(1846): Illuminate/Foundation/Application->make('files')
#5 D:/project laravel/centralkitchen/vendor/laravel/framework/src/Illuminate/Foundation/Application.php(1340): Illuminate/Container/Container->offsetGet('files')
#6 D:/project laravel/centralkitchen/vendor/laravel/sanctum/src/SanctumServiceProvider.php(68): Illuminate/Foundation/Application->routesAreCached()
#7 D:/project laravel/centralkitchen/vendor/laravel/sanctum/src/SanctumServiceProvider.php(56): Laravel/Sanctum/SanctumServiceProvider->defineRoutes()
#8 D:/project laravel/centralkitchen/vendor/laravel/framework/src/Illuminate/Container/BoundMethod.php(36): Laravel/Sanctum/SanctumServiceProvider->boot()
#9 D:/project laravel/centralkitchen/vendor/laravel/framework/src/Illuminate/Container/Util.php(43): Illuminate/Container/BoundMethod::Illuminate/Container/{closure}()
#10 D:/project laravel/centralkitchen/vendor/laravel/framework/src/Illuminate/Container/BoundMethod.php(96): Illuminate/Container/Util::unwrapIfClosure(Object(Closure))
#11 D:/project laravel/centralkitchen/vendor/laravel/framework/src/Illuminate/Container/BoundMethod.php(35): Illuminate/Container/BoundMethod::callBoundMethod(Object(Illuminate/Foundation/Application), Array, Object(Closure))
#12 D:/project laravel/centralkitchen/vendor/laravel/framework/src/Illuminate/Container/Container.php(803): Illuminate/Container/BoundMethod::call(Object(Illuminate/Foundation/Application), Array, Array, NULL)
#13 D:/project laravel/centralkitchen/vendor/laravel/framework/src/Illuminate/Foundation/Application.php(1158): Illuminate/Container/Container->call(Array)
#14 D:/project laravel/centralkitchen/vendor/laravel/framework/src/Illuminate/Foundation/Application.php(1139): Illuminate/Foundation/Application->bootProvider(Object(Laravel/Sanctum/SanctumServiceProvider))
#15 [internal function]: Illuminate/Foundation/Application->Illuminate/Foundation/{closure}(Object(Laravel/Sanctum/SanctumServiceProvider), 'Laravel//Sanctum...')
#16 D:/project laravel/centralkitchen/vendor/laravel/framework/src/Illuminate/Foundation/Application.php(1138): array_walk(Array, Object(Closure))
#17 D:/project laravel/centralkitchen/vendor/laravel/framework/src/Illuminate/Foundation/Bootstrap/BootProviders.php(17): Illuminate/Foundation/Application->boot()
#18 D:/project laravel/centralkitchen/vendor/laravel/framework/src/Illuminate/Foundation/Application.php(349): Illuminate/Foundation/Bootstrap/BootProviders->bootstrap(Object(Illuminate/Foundation/Application))
#19 D:/project laravel/centralkitchen/vendor/laravel/framework/src/Illuminate/Foundation/Console/Kernel.php(507): Illuminate/Foundation/Application->bootstrapWith(Array)
#20 D:/project laravel/centralkitchen/vendor/laravel/framework/src/Illuminate/Foundation/Console/Kernel.php(196): Illuminate/Foundation/Console/Kernel->bootstrap()
#21 D:/project laravel/centralkitchen/vendor/laravel/framework/src/Illuminate/Foundation/Application.php(1242): Illuminate/Foundation/Console/Kernel->handle(Object(Symfony/Component/Console/Input/ArgvInput), Object(Symfony/Component/Console/Output/ConsoleOutput))
#22 D:/project laravel/centralkitchen/artisan(14): Illuminate/Foundation/Application->handleCommand(Object(Symfony/Component/Console/Input/ArgvInput))
#23 {main}

[previous exception] [object] (ReflectionException(code: -1): Class \"files\" does not exist at D:/project laravel/centralkitchen/vendor/laravel/framework/src/Illuminate/Container/Container.php:1147)
[stacktrace]
#0 D:/project laravel/centralkitchen/vendor/laravel/framework/src/Illuminate/Container/Container.php(1147): ReflectionClass->__construct('files')
#1 D:/project laravel/centralkitchen/vendor/laravel/framework/src/Illuminate/Container/Container.php(939): Illuminate/Container/Container->build('files')
#2 D:/project laravel/centralkitchen/vendor/laravel/framework/src/Illuminate/Foundation/Application.php(1085): Illuminate/Container/Container->resolve('files', Array, true)
#3 D:/project laravel/centralkitchen/vendor/laravel/framework/src/Illuminate/Container/Container.php(867): Illuminate/Foundation/Application->resolve('files', Array)
#4 D:/project laravel/centralkitchen/vendor/laravel/framework/src/Illuminate/Foundation/Application.php(1065): Illuminate/Container/Container->make('files', Array)
#5 D:/project laravel/centralkitchen/vendor/laravel/framework/src/Illuminate/Container/Container.php(1846): Illuminate/Foundation/Application->make('files')
#6 D:/project laravel/centralkitchen/vendor/laravel/framework/src/Illuminate/Foundation/Application.php(1340): Illuminate/Container/Container->offsetGet('files')
#7 D:/project laravel/centralkitchen/vendor/laravel/sanctum/src/SanctumServiceProvider.php(68): Illuminate/Foundation/Application->routesAreCached()
#8 D:/project laravel/centralkitchen/vendor/laravel/sanctum/src/SanctumServiceProvider.php(56): Laravel/Sanctum/SanctumServiceProvider->defineRoutes()
#9 D:/project laravel/centralkitchen/vendor/laravel/framework/src/Illuminate/Container/BoundMethod.php(36): Laravel/Sanctum/SanctumServiceProvider->boot()
#10 D:/project laravel/centralkitchen/vendor/laravel/framework/src/Illuminate/Container/Util.php(43): Illuminate/Container/BoundMethod::Illuminate/Container/{closure}()
#11 D:/project laravel/centralkitchen/vendor/laravel/framework/src/Illuminate/Container/BoundMethod.php(96): Illuminate/Container/Util::unwrapIfClosure(Object(Closure))
#12 D:/project laravel/centralkitchen/vendor/laravel/framework/src/Illuminate/Container/BoundMethod.php(35): Illuminate/Container/BoundMethod::callBoundMethod(Object(Illuminate/Foundation/Application), Array, Object(Closure))
#13 D:/project laravel/centralkitchen/vendor/laravel/framework/src/Illuminate/Container/Container.php(803): Illuminate/Container/BoundMethod::call(Object(Illuminate/Foundation/Application), Array, Array, NULL)
#14 D:/project laravel/centralkitchen/vendor/laravel/framework/src/Illuminate/Foundation/Application.php(1158): Illuminate/Container/Container->call(Array)
#15 D:/project laravel/centralkitchen/vendor/laravel/framework/src/Illuminate/Foundation/Application.php(1139): Illuminate/Foundation/Application->bootProvider(Object(Laravel/Sanctum/SanctumServiceProvider))
#16 [internal function]: Illuminate/Foundation/Application->Illuminate/Foundation/{closure}(Object(Laravel/Sanctum/SanctumServiceProvider), 'Laravel//Sanctum...')
#17 D:/project laravel/centralkitchen/vendor/laravel/framework/src/Illuminate/Foundation/Application.php(1138): array_walk(Array, Object(Closure))
#18 D:/project laravel/centralkitchen/vendor/laravel/framework/src/Illuminate/Foundation/Bootstrap/BootProviders.php(17): Illuminate/Foundation/Application->boot()
#19 D:/project laravel/centralkitchen/vendor/laravel/framework/src/Illuminate/Foundation/Application.php(349): Illuminate/Foundation/Bootstrap/BootProviders->bootstrap(Object(Illuminate/Foundation/Application))
#20 D:/project laravel/centralkitchen/vendor/laravel/framework/src/Illuminate/Foundation/Console/Kernel.php(507): Illuminate/Foundation/Application->bootstrapWith(Array)
#21 D:/project laravel/centralkitchen/vendor/laravel/framework/src/Illuminate/Foundation/Console/Kernel.php(196): Illuminate/Foundation/Console/Kernel->bootstrap()
#22 D:/project laravel/centralkitchen/vendor/laravel/framework/src/Illuminate/Foundation/Application.php(1242): Illuminate/Foundation/Console/Kernel->handle(Object(Symfony/Component/Console/Input/ArgvInput), Object(Symfony/Component/Console/Output/ConsoleOutput))
#23 D:/project laravel/centralkitchen/artisan(14): Illuminate/Foundation/Application->handleCommand(Object(Symfony/Component/Console/Input/ArgvInput))
#24 {main}
"} 
[2026-09-28 01:52:44] local.ERROR: Target class [files] does not exist. {"exception":"[object] (Illuminate\\Contracts\\Container\\BindingResolutionException(code: 0): Target class [files] does not exist. at D:/project laravel/centralkitchen/vendor/laravel/framework/src/Illuminate/Container/Container.php:1149)
[stacktrace]
#0 D:/project laravel/centralkitchen/vendor/laravel/framework/src/Illuminate/Container/Container.php(939): Illuminate/Container/Container->build('files')
#1 D:/project laravel/centralkitchen/vendor/laravel/framework/src/Illuminate/Foundation/Application.php(1085): Illuminate/Container/Container->resolve('files', Array, true)
#2 D:/project laravel/centralkitchen/vendor/laravel/framework/src/Illuminate/Container/Container.php(867): Illuminate/Foundation/Application->resolve('files', Array)
#3 D:/project laravel/centralkitchen/vendor/laravel/framework/src/Illuminate/Foundation/Application.php(1065): Illuminate/Container/Container->make('files', Array)
#4 D:/project laravel/centralkitchen/vendor/laravel/framework/src/Illuminate/Container/Container.php(1846): Illuminate/Foundation/Application->make('files')
#5 D:/project laravel/centralkitchen/vendor/laravel/framework/src/Illuminate/Foundation/Application.php(1340): Illuminate/Container/Container->offsetGet('files')
#6 D:/project laravel/centralkitchen/vendor/laravel/sanctum/src/SanctumServiceProvider.php(68): Illuminate/Foundation/Application->routesAreCached()
#7 D:/project laravel/centralkitchen/vendor/laravel/sanctum/src/SanctumServiceProvider.php(56): Laravel/Sanctum/SanctumServiceProvider->defineRoutes()
#8 D:/project laravel/centralkitchen/vendor/laravel/framework/src/Illuminate/Container/BoundMethod.php(36): Laravel/Sanctum/SanctumServiceProvider->boot()
#9 D:/project laravel/centralkitchen/vendor/laravel/framework/src/Illuminate/Container/Util.php(43): Illuminate/Container/BoundMethod::Illuminate/Container/{closure}()
#10 D:/project laravel/centralkitchen/vendor/laravel/framework/src/Illuminate/Container/BoundMethod.php(96): Illuminate/Container/Util::unwrapIfClosure(Object(Closure))
#11 D:/project laravel/centralkitchen/vendor/laravel/framework/src/Illuminate/Container/BoundMethod.php(35): Illuminate/Container/BoundMethod::callBoundMethod(Object(Illuminate/Foundation/Application), Array, Object(Closure))
#12 D:/project laravel/centralkitchen/vendor/laravel/framework/src/Illuminate/Container/Container.php(803): Illuminate/Container/BoundMethod::call(Object(Illuminate/Foundation/Application), Array, Array, NULL)
#13 D:/project laravel/centralkitchen/vendor/laravel/framework/src/Illuminate/Foundation/Application.php(1158): Illuminate/Container/Container->call(Array)
#14 D:/project laravel/centralkitchen/vendor/laravel/framework/src/Illuminate/Foundation/Application.php(1139): Illuminate/Foundation/Application->bootProvider(Object(Laravel/Sanctum/SanctumServiceProvider))
#15 [internal function]: Illuminate/Foundation/Application->Illuminate/Foundation/{closure}(Object(Laravel/Sanctum/SanctumServiceProvider), 'Laravel//Sanctum...')
#16 D:/project laravel/centralkitchen/vendor/laravel/framework/src/Illuminate/Foundation/Application.php(1138): array_walk(Array, Object(Closure))
#17 D:/project laravel/centralkitchen/vendor/laravel/framework/src/Illuminate/Foundation/Bootstrap/BootProviders.php(17): Illuminate/Foundation/Application->boot()
#18 D:/project laravel/centralkitchen/vendor/laravel/framework/src/Illuminate/Foundation/Application.php(349): Illuminate/Foundation/Bootstrap/BootProviders->bootstrap(Object(Illuminate/Foundation/Application))
#19 D:/project laravel/centralkitchen/vendor/laravel/framework/src/Illuminate/Foundation/Console/Kernel.php(507): Illuminate/Foundation/Application->bootstrapWith(Array)
#20 D:/project laravel/centralkitchen/vendor/laravel/framework/src/Illuminate/Foundation/Console/Kernel.php(196): Illuminate/Foundation/Console/Kernel->bootstrap()
#21 D:/project laravel/centralkitchen/vendor/laravel/framework/src/Illuminate/Foundation/Application.php(1242): Illuminate/Foundation/Console/Kernel->handle(Object(Symfony/Component/Console/Input/ArgvInput), Object(Symfony/Component/Console/Output/ConsoleOutput))
#22 D:/project laravel/centralkitchen/artisan(14): Illuminate/Foundation/Application->handleCommand(Object(Symfony/Component/Console/Input/ArgvInput))
#23 {main}

[previous exception] [object] (ReflectionException(code: -1): Class \"files\" does not exist at D:/project laravel/centralkitchen/vendor/laravel/framework/src/Illuminate/Container/Container.php:1147)
[stacktrace]
#0 D:/project laravel/centralkitchen/vendor/laravel/framework/src/Illuminate/Container/Container.php(1147): ReflectionClass->__construct('files')
#1 D:/project laravel/centralkitchen/vendor/laravel/framework/src/Illuminate/Container/Container.php(939): Illuminate/Container/Container->build('files')
#2 D:/project laravel/centralkitchen/vendor/laravel/framework/src/Illuminate/Foundation/Application.php(1085): Illuminate/Container/Container->resolve('files', Array, true)
#3 D:/project laravel/centralkitchen/vendor/laravel/framework/src/Illuminate/Container/Container.php(867): Illuminate/Foundation/Application->resolve('files', Array)
#4 D:/project laravel/centralkitchen/vendor/laravel/framework/src/Illuminate/Foundation/Application.php(1065): Illuminate/Container/Container->make('files', Array)
#5 D:/project laravel/centralkitchen/vendor/laravel/framework/src/Illuminate/Container/Container.php(1846): Illuminate/Foundation/Application->make('files')
#6 D:/project laravel/centralkitchen/vendor/laravel/framework/src/Illuminate/Foundation/Application.php(1340): Illuminate/Container/Container->offsetGet('files')
#7 D:/project laravel/centralkitchen/vendor/laravel/sanctum/src/SanctumServiceProvider.php(68): Illuminate/Foundation/Application->routesAreCached()
#8 D:/project laravel/centralkitchen/vendor/laravel/sanctum/src/SanctumServiceProvider.php(56): Laravel/Sanctum/SanctumServiceProvider->defineRoutes()
#9 D:/project laravel/centralkitchen/vendor/laravel/framework/src/Illuminate/Container/BoundMethod.php(36): Laravel/Sanctum/SanctumServiceProvider->boot()
#10 D:/project laravel/centralkitchen/vendor/laravel/framework/src/Illuminate/Container/Util.php(43): Illuminate/Container/BoundMethod::Illuminate/Container/{closure}()
#11 D:/project laravel/centralkitchen/vendor/laravel/framework/src/Illuminate/Container/BoundMethod.php(96): Illuminate/Container/Util::unwrapIfClosure(Object(Closure))
#12 D:/project laravel/centralkitchen/vendor/laravel/framework/src/Illuminate/Container/BoundMethod.php(35): Illuminate/Container/BoundMethod::callBoundMethod(Object(Illuminate/Foundation/Application), Array, Object(Closure))
#13 D:/project laravel/centralkitchen/vendor/laravel/framework/src/Illuminate/Container/Container.php(803): Illuminate/Container/BoundMethod::call(Object(Illuminate/Foundation/Application), Array, Array, NULL)
#14 D:/project laravel/centralkitchen/vendor/laravel/framework/src/Illuminate/Foundation/Application.php(1158): Illuminate/Container/Container->call(Array)
#15 D:/project laravel/centralkitchen/vendor/laravel/framework/src/Illuminate/Foundation/Application.php(1139): Illuminate/Foundation/Application->bootProvider(Object(Laravel/Sanctum/SanctumServiceProvider))
#16 [internal function]: Illuminate/Foundation/Application->Illuminate/Foundation/{closure}(Object(Laravel/Sanctum/SanctumServiceProvider), 'Laravel//Sanctum...')
#17 D:/project laravel/centralkitchen/vendor/laravel/framework/src/Illuminate/Foundation/Application.php(1138): array_walk(Array, Object(Closure))
#18 D:/project laravel/centralkitchen/vendor/laravel/framework/src/Illuminate/Foundation/Bootstrap/BootProviders.php(17): Illuminate/Foundation/Application->boot()
#19 D:/project laravel/centralkitchen/vendor/laravel/framework/src/Illuminate/Foundation/Application.php(349): Illuminate/Foundation/Bootstrap/BootProviders->bootstrap(Object(Illuminate/Foundation/Application))
#20 D:/project laravel/centralkitchen/vendor/laravel/framework/src/Illuminate/Foundation/Console/Kernel.php(507): Illuminate/Foundation/Application->bootstrapWith(Array)
#21 D:/project laravel/centralkitchen/vendor/laravel/framework/src/Illuminate/Foundation/Console/Kernel.php(196): Illuminate/Foundation/Console/Kernel->bootstrap()
#22 D:/project laravel/centralkitchen/vendor/laravel/framework/src/Illuminate/Foundation/Application.php(1242): Illuminate/Foundation/Console/Kernel->handle(Object(Symfony/Component/Console/Input/ArgvInput), Object(Symfony/Component/Console/Output/ConsoleOutput))
#23 D:/project laravel/centralkitchen/artisan(14): Illuminate/Foundation/Application->handleCommand(Object(Symfony/Component/Console/Input/ArgvInput))
#24 {main}
"} 
[2026-09-28 01:53:04] local.ERROR: Target class [files] does not exist. {"exception":"[object] (Illuminate\\Contracts\\Container\\BindingResolutionException(code: 0): Target class [files] does not exist. at D:/project laravel/centralkitchen/vendor/laravel/framework/src/Illuminate/Container/Container.php:1149)
[stacktrace]
#0 D:/project laravel/centralkitchen/vendor/laravel/framework/src/Illuminate/Container/Container.php(939): Illuminate/Container/Container->build('files')
#1 D:/project laravel/centralkitchen/vendor/laravel/framework/src/Illuminate/Foundation/Application.php(1085): Illuminate/Container/Container->resolve('files', Array, true)
#2 D:/project laravel/centralkitchen/vendor/laravel/framework/src/Illuminate/Container/Container.php(867): Illuminate/Foundation/Application->resolve('files', Array)
#3 D:/project laravel/centralkitchen/vendor/laravel/framework/src/Illuminate/Foundation/Application.php(1065): Illuminate/Container/Container->make('files', Array)
#4 D:/project laravel/centralkitchen/vendor/laravel/framework/src/Illuminate/Container/Container.php(1846): Illuminate/Foundation/Application->make('files')
#5 D:/project laravel/centralkitchen/vendor/laravel/framework/src/Illuminate/Foundation/Application.php(1340): Illuminate/Container/Container->offsetGet('files')
#6 D:/project laravel/centralkitchen/vendor/laravel/sanctum/src/SanctumServiceProvider.php(68): Illuminate/Foundation/Application->routesAreCached()
#7 D:/project laravel/centralkitchen/vendor/laravel/sanctum/src/SanctumServiceProvider.php(56): Laravel/Sanctum/SanctumServiceProvider->defineRoutes()
#8 D:/project laravel/centralkitchen/vendor/laravel/framework/src/Illuminate/Container/BoundMethod.php(36): Laravel/Sanctum/SanctumServiceProvider->boot()
#9 D:/project laravel/centralkitchen/vendor/laravel/framework/src/Illuminate/Container/Util.php(43): Illuminate/Container/BoundMethod::Illuminate/Container/{closure}()
#10 D:/project laravel/centralkitchen/vendor/laravel/framework/src/Illuminate/Container/BoundMethod.php(96): Illuminate/Container/Util::unwrapIfClosure(Object(Closure))
#11 D:/project laravel/centralkitchen/vendor/laravel/framework/src/Illuminate/Container/BoundMethod.php(35): Illuminate/Container/BoundMethod::callBoundMethod(Object(Illuminate/Foundation/Application), Array, Object(Closure))
#12 D:/project laravel/centralkitchen/vendor/laravel/framework/src/Illuminate/Container/Container.php(803): Illuminate/Container/BoundMethod::call(Object(Illuminate/Foundation/Application), Array, Array, NULL)
#13 D:/project laravel/centralkitchen/vendor/laravel/framework/src/Illuminate/Foundation/Application.php(1158): Illuminate/Container/Container->call(Array)
#14 D:/project laravel/centralkitchen/vendor/laravel/framework/src/Illuminate/Foundation/Application.php(1139): Illuminate/Foundation/Application->bootProvider(Object(Laravel/Sanctum/SanctumServiceProvider))
#15 [internal function]: Illuminate/Foundation/Application->Illuminate/Foundation/{closure}(Object(Laravel/Sanctum/SanctumServiceProvider), 'Laravel//Sanctum...')
#16 D:/project laravel/centralkitchen/vendor/laravel/framework/src/Illuminate/Foundation/Application.php(1138): array_walk(Array, Object(Closure))
#17 D:/project laravel/centralkitchen/vendor/laravel/framework/src/Illuminate/Foundation/Bootstrap/BootProviders.php(17): Illuminate/Foundation/Application->boot()
#18 D:/project laravel/centralkitchen/vendor/laravel/framework/src/Illuminate/Foundation/Application.php(349): Illuminate/Foundation/Bootstrap/BootProviders->bootstrap(Object(Illuminate/Foundation/Application))
#19 D:/project laravel/centralkitchen/vendor/laravel/framework/src/Illuminate/Foundation/Console/Kernel.php(507): Illuminate/Foundation/Application->bootstrapWith(Array)
#20 D:/project laravel/centralkitchen/vendor/laravel/framework/src/Illuminate/Foundation/Console/Kernel.php(196): Illuminate/Foundation/Console/Kernel->bootstrap()
#21 D:/project laravel/centralkitchen/vendor/laravel/framework/src/Illuminate/Foundation/Application.php(1242): Illuminate/Foundation/Console/Kernel->handle(Object(Symfony/Component/Console/Input/ArgvInput), Object(Symfony/Component/Console/Output/ConsoleOutput))
#22 D:/project laravel/centralkitchen/artisan(14): Illuminate/Foundation/Application->handleCommand(Object(Symfony/Component/Console/Input/ArgvInput))
#23 {main}

[previous exception] [object] (ReflectionException(code: -1): Class \"files\" does not exist at D:/project laravel/centralkitchen/vendor/laravel/framework/src/Illuminate/Container/Container.php:1147)
[stacktrace]
#0 D:/project laravel/centralkitchen/vendor/laravel/framework/src/Illuminate/Container/Container.php(1147): ReflectionClass->__construct('files')
#1 D:/project laravel/centralkitchen/vendor/laravel/framework/src/Illuminate/Container/Container.php(939): Illuminate/Container/Container->build('files')
#2 D:/project laravel/centralkitchen/vendor/laravel/framework/src/Illuminate/Foundation/Application.php(1085): Illuminate/Container/Container->resolve('files', Array, true)
#3 D:/project laravel/centralkitchen/vendor/laravel/framework/src/Illuminate/Container/Container.php(867): Illuminate/Foundation/Application->resolve('files', Array)
#4 D:/project laravel/centralkitchen/vendor/laravel/framework/src/Illuminate/Foundation/Application.php(1065): Illuminate/Container/Container->make('files', Array)
#5 D:/project laravel/centralkitchen/vendor/laravel/framework/src/Illuminate/Container/Container.php(1846): Illuminate/Foundation/Application->make('files')
#6 D:/project laravel/centralkitchen/vendor/laravel/framework/src/Illuminate/Foundation/Application.php(1340): Illuminate/Container/Container->offsetGet('files')
#7 D:/project laravel/centralkitchen/vendor/laravel/sanctum/src/SanctumServiceProvider.php(68): Illuminate/Foundation/Application->routesAreCached()
#8 D:/project laravel/centralkitchen/vendor/laravel/sanctum/src/SanctumServiceProvider.php(56): Laravel/Sanctum/SanctumServiceProvider->defineRoutes()
#9 D:/project laravel/centralkitchen/vendor/laravel/framework/src/Illuminate/Container/BoundMethod.php(36): Laravel/Sanctum/SanctumServiceProvider->boot()
#10 D:/project laravel/centralkitchen/vendor/laravel/framework/src/Illuminate/Container/Util.php(43): Illuminate/Container/BoundMethod::Illuminate/Container/{closure}()
#11 D:/project laravel/centralkitchen/vendor/laravel/framework/src/Illuminate/Container/BoundMethod.php(96): Illuminate/Container/Util::unwrapIfClosure(Object(Closure))
#12 D:/project laravel/centralkitchen/vendor/laravel/framework/src/Illuminate/Container/BoundMethod.php(35): Illuminate/Container/BoundMethod::callBoundMethod(Object(Illuminate/Foundation/Application), Array, Object(Closure))
#13 D:/project laravel/centralkitchen/vendor/laravel/framework/src/Illuminate/Container/Container.php(803): Illuminate/Container/BoundMethod::call(Object(Illuminate/Foundation/Application), Array, Array, NULL)
#14 D:/project laravel/centralkitchen/vendor/laravel/framework/src/Illuminate/Foundation/Application.php(1158): Illuminate/Container/Container->call(Array)
#15 D:/project laravel/centralkitchen/vendor/laravel/framework/src/Illuminate/Foundation/Application.php(1139): Illuminate/Foundation/Application->bootProvider(Object(Laravel/Sanctum/SanctumServiceProvider))
#16 [internal function]: Illuminate/Foundation/Application->Illuminate/Foundation/{closure}(Object(Laravel/Sanctum/SanctumServiceProvider), 'Laravel//Sanctum...')
#17 D:/project laravel/centralkitchen/vendor/laravel/framework/src/Illuminate/Foundation/Application.php(1138): array_walk(Array, Object(Closure))
#18 D:/project laravel/centralkitchen/vendor/laravel/framework/src/Illuminate/Foundation/Bootstrap/BootProviders.php(17): Illuminate/Foundation/Application->boot()
#19 D:/project laravel/centralkitchen/vendor/laravel/framework/src/Illuminate/Foundation/Application.php(349): Illuminate/Foundation/Bootstrap/BootProviders->bootstrap(Object(Illuminate/Foundation/Application))
#20 D:/project laravel/centralkitchen/vendor/laravel/framework/src/Illuminate/Foundation/Console/Kernel.php(507): Illuminate/Foundation/Application->bootstrapWith(Array)
#21 D:/project laravel/centralkitchen/vendor/laravel/framework/src/Illuminate/Foundation/Console/Kernel.php(196): Illuminate/Foundation/Console/Kernel->bootstrap()
#22 D:/project laravel/centralkitchen/vendor/laravel/framework/src/Illuminate/Foundation/Application.php(1242): Illuminate/Foundation/Console/Kernel->handle(Object(Symfony/Component/Console/Input/ArgvInput), Object(Symfony/Component/Console/Output/ConsoleOutput))
#23 D:/project laravel/centralkitchen/artisan(14): Illuminate/Foundation/Application->handleCommand(Object(Symfony/Component/Console/Input/ArgvInput))
#24 {main}
"} 
[2026-09-28 01:53:12] local.ERROR: Target class [files] does not exist. {"exception":"[object] (Illuminate\\Contracts\\Container\\BindingResolutionException(code: 0): Target class [files] does not exist. at D:/project laravel/centralkitchen/vendor/laravel/framework/src/Illuminate/Container/Container.php:1149)
[stacktrace]
#0 D:/project laravel/centralkitchen/vendor/laravel/framework/src/Illuminate/Container/Container.php(939): Illuminate/Container/Container->build('files')
#1 D:/project laravel/centralkitchen/vendor/laravel/framework/src/Illuminate/Foundation/Application.php(1085): Illuminate/Container/Container->resolve('files', Array, true)
#2 D:/project laravel/centralkitchen/vendor/laravel/framework/src/Illuminate/Container/Container.php(867): Illuminate/Foundation/Application->resolve('files', Array)
#3 D:/project laravel/centralkitchen/vendor/laravel/framework/src/Illuminate/Foundation/Application.php(1065): Illuminate/Container/Container->make('files', Array)
#4 D:/project laravel/centralkitchen/vendor/laravel/framework/src/Illuminate/Container/Container.php(1846): Illuminate/Foundation/Application->make('files')
#5 D:/project laravel/centralkitchen/vendor/laravel/framework/src/Illuminate/Foundation/Application.php(1340): Illuminate/Container/Container->offsetGet('files')
#6 D:/project laravel/centralkitchen/vendor/laravel/sanctum/src/SanctumServiceProvider.php(68): Illuminate/Foundation/Application->routesAreCached()
#7 D:/project laravel/centralkitchen/vendor/laravel/sanctum/src/SanctumServiceProvider.php(56): Laravel/Sanctum/SanctumServiceProvider->defineRoutes()
#8 D:/project laravel/centralkitchen/vendor/laravel/framework/src/Illuminate/Container/BoundMethod.php(36): Laravel/Sanctum/SanctumServiceProvider->boot()
#9 D:/project laravel/centralkitchen/vendor/laravel/framework/src/Illuminate/Container/Util.php(43): Illuminate/Container/BoundMethod::Illuminate/Container/{closure}()
#10 D:/project laravel/centralkitchen/vendor/laravel/framework/src/Illuminate/Container/BoundMethod.php(96): Illuminate/Container/Util::unwrapIfClosure(Object(Closure))
#11 D:/project laravel/centralkitchen/vendor/laravel/framework/src/Illuminate/Container/BoundMethod.php(35): Illuminate/Container/BoundMethod::callBoundMethod(Object(Illuminate/Foundation/Application), Array, Object(Closure))
#12 D:/project laravel/centralkitchen/vendor/laravel/framework/src/Illuminate/Container/Container.php(803): Illuminate/Container/BoundMethod::call(Object(Illuminate/Foundation/Application), Array, Array, NULL)
#13 D:/project laravel/centralkitchen/vendor/laravel/framework/src/Illuminate/Foundation/Application.php(1158): Illuminate/Container/Container->call(Array)
#14 D:/project laravel/centralkitchen/vendor/laravel/framework/src/Illuminate/Foundation/Application.php(1139): Illuminate/Foundation/Application->bootProvider(Object(Laravel/Sanctum/SanctumServiceProvider))
#15 [internal function]: Illuminate/Foundation/Application->Illuminate/Foundation/{closure}(Object(Laravel/Sanctum/SanctumServiceProvider), 'Laravel//Sanctum...')
#16 D:/project laravel/centralkitchen/vendor/laravel/framework/src/Illuminate/Foundation/Application.php(1138): array_walk(Array, Object(Closure))
#17 D:/project laravel/centralkitchen/vendor/laravel/framework/src/Illuminate/Foundation/Bootstrap/BootProviders.php(17): Illuminate/Foundation/Application->boot()
#18 D:/project laravel/centralkitchen/vendor/laravel/framework/src/Illuminate/Foundation/Application.php(349): Illuminate/Foundation/Bootstrap/BootProviders->bootstrap(Object(Illuminate/Foundation/Application))
#19 D:/project laravel/centralkitchen/vendor/laravel/framework/src/Illuminate/Foundation/Console/Kernel.php(507): Illuminate/Foundation/Application->bootstrapWith(Array)
#20 D:/project laravel/centralkitchen/vendor/laravel/framework/src/Illuminate/Foundation/Console/Kernel.php(196): Illuminate/Foundation/Console/Kernel->bootstrap()
#21 D:/project laravel/centralkitchen/vendor/laravel/framework/src/Illuminate/Foundation/Application.php(1242): Illuminate/Foundation/Console/Kernel->handle(Object(Symfony/Component/Console/Input/ArgvInput), Object(Symfony/Component/Console/Output/ConsoleOutput))
#22 D:/project laravel/centralkitchen/artisan(14): Illuminate/Foundation/Application->handleCommand(Object(Symfony/Component/Console/Input/ArgvInput))
#23 {main}

[previous exception] [object] (ReflectionException(code: -1): Class \"files\" does not exist at D:/project laravel/centralkitchen/vendor/laravel/framework/src/Illuminate/Container/Container.php:1147)
[stacktrace]
#0 D:/project laravel/centralkitchen/vendor/laravel/framework/src/Illuminate/Container/Container.php(1147): ReflectionClass->__construct('files')
#1 D:/project laravel/centralkitchen/vendor/laravel/framework/src/Illuminate/Container/Container.php(939): Illuminate/Container/Container->build('files')
#2 D:/project laravel/centralkitchen/vendor/laravel/framework/src/Illuminate/Foundation/Application.php(1085): Illuminate/Container/Container->resolve('files', Array, true)
#3 D:/project laravel/centralkitchen/vendor/laravel/framework/src/Illuminate/Container/Container.php(867): Illuminate/Foundation/Application->resolve('files', Array)
#4 D:/project laravel/centralkitchen/vendor/laravel/framework/src/Illuminate/Foundation/Application.php(1065): Illuminate/Container/Container->make('files', Array)
#5 D:/project laravel/centralkitchen/vendor/laravel/framework/src/Illuminate/Container/Container.php(1846): Illuminate/Foundation/Application->make('files')
#6 D:/project laravel/centralkitchen/vendor/laravel/framework/src/Illuminate/Foundation/Application.php(1340): Illuminate/Container/Container->offsetGet('files')
#7 D:/project laravel/centralkitchen/vendor/laravel/sanctum/src/SanctumServiceProvider.php(68): Illuminate/Foundation/Application->routesAreCached()
#8 D:/project laravel/centralkitchen/vendor/laravel/sanctum/src/SanctumServiceProvider.php(56): Laravel/Sanctum/SanctumServiceProvider->defineRoutes()
#9 D:/project laravel/centralkitchen/vendor/laravel/framework/src/Illuminate/Container/BoundMethod.php(36): Laravel/Sanctum/SanctumServiceProvider->boot()
#10 D:/project laravel/centralkitchen/vendor/laravel/framework/src/Illuminate/Container/Util.php(43): Illuminate/Container/BoundMethod::Illuminate/Container/{closure}()
#11 D:/project laravel/centralkitchen/vendor/laravel/framework/src/Illuminate/Container/BoundMethod.php(96): Illuminate/Container/Util::unwrapIfClosure(Object(Closure))
#12 D:/project laravel/centralkitchen/vendor/laravel/framework/src/Illuminate/Container/BoundMethod.php(35): Illuminate/Container/BoundMethod::callBoundMethod(Object(Illuminate/Foundation/Application), Array, Object(Closure))
#13 D:/project laravel/centralkitchen/vendor/laravel/framework/src/Illuminate/Container/Container.php(803): Illuminate/Container/BoundMethod::call(Object(Illuminate/Foundation/Application), Array, Array, NULL)
#14 D:/project laravel/centralkitchen/vendor/laravel/framework/src/Illuminate/Foundation/Application.php(1158): Illuminate/Container/Container->call(Array)
#15 D:/project laravel/centralkitchen/vendor/laravel/framework/src/Illuminate/Foundation/Application.php(1139): Illuminate/Foundation/Application->bootProvider(Object(Laravel/Sanctum/SanctumServiceProvider))
#16 [internal function]: Illuminate/Foundation/Application->Illuminate/Foundation/{closure}(Object(Laravel/Sanctum/SanctumServiceProvider), 'Laravel//Sanctum...')
#17 D:/project laravel/centralkitchen/vendor/laravel/framework/src/Illuminate/Foundation/Application.php(1138): array_walk(Array, Object(Closure))
#18 D:/project laravel/centralkitchen/vendor/laravel/framework/src/Illuminate/Foundation/Bootstrap/BootProviders.php(17): Illuminate/Foundation/Application->boot()
#19 D:/project laravel/centralkitchen/vendor/laravel/framework/src/Illuminate/Foundation/Application.php(349): Illuminate/Foundation/Bootstrap/BootProviders->bootstrap(Object(Illuminate/Foundation/Application))
#20 D:/project laravel/centralkitchen/vendor/laravel/framework/src/Illuminate/Foundation/Console/Kernel.php(507): Illuminate/Foundation/Application->bootstrapWith(Array)
#21 D:/project laravel/centralkitchen/vendor/laravel/framework/src/Illuminate/Foundation/Console/Kernel.php(196): Illuminate/Foundation/Console/Kernel->bootstrap()
#22 D:/project laravel/centralkitchen/vendor/laravel/framework/src/Illuminate/Foundation/Application.php(1242): Illuminate/Foundation/Console/Kernel->handle(Object(Symfony/Component/Console/Input/ArgvInput), Object(Symfony/Component/Console/Output/ConsoleOutput))
#23 D:/project laravel/centralkitchen/artisan(14): Illuminate/Foundation/Application->handleCommand(Object(Symfony/Component/Console/Input/ArgvInput))
#24 {main}
"} 
[2026-09-28 01:54:03] local.ERROR: Target class [files] does not exist. {"exception":"[object] (Illuminate\\Contracts\\Container\\BindingResolutionException(code: 0): Target class [files] does not exist. at D:/project laravel/centralkitchen/vendor/laravel/framework/src/Illuminate/Container/Container.php:1149)
[stacktrace]
#0 D:/project laravel/centralkitchen/vendor/laravel/framework/src/Illuminate/Container/Container.php(939): Illuminate/Container/Container->build('files')
#1 D:/project laravel/centralkitchen/vendor/laravel/framework/src/Illuminate/Foundation/Application.php(1085): Illuminate/Container/Container->resolve('files', Array, true)
#2 D:/project laravel/centralkitchen/vendor/laravel/framework/src/Illuminate/Container/Container.php(867): Illuminate/Foundation/Application->resolve('files', Array)
#3 D:/project laravel/centralkitchen/vendor/laravel/framework/src/Illuminate/Foundation/Application.php(1065): Illuminate/Container/Container->make('files', Array)
#4 D:/project laravel/centralkitchen/vendor/laravel/framework/src/Illuminate/Container/Container.php(1846): Illuminate/Foundation/Application->make('files')
#5 D:/project laravel/centralkitchen/vendor/laravel/framework/src/Illuminate/Foundation/Application.php(1340): Illuminate/Container/Container->offsetGet('files')
#6 D:/project laravel/centralkitchen/vendor/laravel/sanctum/src/SanctumServiceProvider.php(68): Illuminate/Foundation/Application->routesAreCached()
#7 D:/project laravel/centralkitchen/vendor/laravel/sanctum/src/SanctumServiceProvider.php(56): Laravel/Sanctum/SanctumServiceProvider->defineRoutes()
#8 D:/project laravel/centralkitchen/vendor/laravel/framework/src/Illuminate/Container/BoundMethod.php(36): Laravel/Sanctum/SanctumServiceProvider->boot()
#9 D:/project laravel/centralkitchen/vendor/laravel/framework/src/Illuminate/Container/Util.php(43): Illuminate/Container/BoundMethod::Illuminate/Container/{closure}()
#10 D:/project laravel/centralkitchen/vendor/laravel/framework/src/Illuminate/Container/BoundMethod.php(96): Illuminate/Container/Util::unwrapIfClosure(Object(Closure))
#11 D:/project laravel/centralkitchen/vendor/laravel/framework/src/Illuminate/Container/BoundMethod.php(35): Illuminate/Container/BoundMethod::callBoundMethod(Object(Illuminate/Foundation/Application), Array, Object(Closure))
#12 D:/project laravel/centralkitchen/vendor/laravel/framework/src/Illuminate/Container/Container.php(803): Illuminate/Container/BoundMethod::call(Object(Illuminate/Foundation/Application), Array, Array, NULL)
#13 D:/project laravel/centralkitchen/vendor/laravel/framework/src/Illuminate/Foundation/Application.php(1158): Illuminate/Container/Container->call(Array)
#14 D:/project laravel/centralkitchen/vendor/laravel/framework/src/Illuminate/Foundation/Application.php(1139): Illuminate/Foundation/Application->bootProvider(Object(Laravel/Sanctum/SanctumServiceProvider))
#15 [internal function]: Illuminate/Foundation/Application->Illuminate/Foundation/{closure}(Object(Laravel/Sanctum/SanctumServiceProvider), 'Laravel//Sanctum...')
#16 D:/project laravel/centralkitchen/vendor/laravel/framework/src/Illuminate/Foundation/Application.php(1138): array_walk(Array, Object(Closure))
#17 D:/project laravel/centralkitchen/vendor/laravel/framework/src/Illuminate/Foundation/Bootstrap/BootProviders.php(17): Illuminate/Foundation/Application->boot()
#18 D:/project laravel/centralkitchen/vendor/laravel/framework/src/Illuminate/Foundation/Application.php(349): Illuminate/Foundation/Bootstrap/BootProviders->bootstrap(Object(Illuminate/Foundation/Application))
#19 D:/project laravel/centralkitchen/vendor/laravel/framework/src/Illuminate/Foundation/Console/Kernel.php(507): Illuminate/Foundation/Application->bootstrapWith(Array)
#20 D:/project laravel/centralkitchen/vendor/laravel/framework/src/Illuminate/Foundation/Console/Kernel.php(196): Illuminate/Foundation/Console/Kernel->bootstrap()
#21 D:/project laravel/centralkitchen/vendor/laravel/framework/src/Illuminate/Foundation/Application.php(1242): Illuminate/Foundation/Console/Kernel->handle(Object(Symfony/Component/Console/Input/ArgvInput), Object(Symfony/Component/Console/Output/ConsoleOutput))
#22 D:/project laravel/centralkitchen/artisan(14): Illuminate/Foundation/Application->handleCommand(Object(Symfony/Component/Console/Input/ArgvInput))
#23 {main}

[previous exception] [object] (ReflectionException(code: -1): Class \"files\" does not exist at D:/project laravel/centralkitchen/vendor/laravel/framework/src/Illuminate/Container/Container.php:1147)
[stacktrace]
#0 D:/project laravel/centralkitchen/vendor/laravel/framework/src/Illuminate/Container/Container.php(1147): ReflectionClass->__construct('files')
#1 D:/project laravel/centralkitchen/vendor/laravel/framework/src/Illuminate/Container/Container.php(939): Illuminate/Container/Container->build('files')
#2 D:/project laravel/centralkitchen/vendor/laravel/framework/src/Illuminate/Foundation/Application.php(1085): Illuminate/Container/Container->resolve('files', Array, true)
#3 D:/project laravel/centralkitchen/vendor/laravel/framework/src/Illuminate/Container/Container.php(867): Illuminate/Foundation/Application->resolve('files', Array)
#4 D:/project laravel/centralkitchen/vendor/laravel/framework/src/Illuminate/Foundation/Application.php(1065): Illuminate/Container/Container->make('files', Array)
#5 D:/project laravel/centralkitchen/vendor/laravel/framework/src/Illuminate/Container/Container.php(1846): Illuminate/Foundation/Application->make('files')
#6 D:/project laravel/centralkitchen/vendor/laravel/framework/src/Illuminate/Foundation/Application.php(1340): Illuminate/Container/Container->offsetGet('files')
#7 D:/project laravel/centralkitchen/vendor/laravel/sanctum/src/SanctumServiceProvider.php(68): Illuminate/Foundation/Application->routesAreCached()
#8 D:/project laravel/centralkitchen/vendor/laravel/sanctum/src/SanctumServiceProvider.php(56): Laravel/Sanctum/SanctumServiceProvider->defineRoutes()
#9 D:/project laravel/centralkitchen/vendor/laravel/framework/src/Illuminate/Container/BoundMethod.php(36): Laravel/Sanctum/SanctumServiceProvider->boot()
#10 D:/project laravel/centralkitchen/vendor/laravel/framework/src/Illuminate/Container/Util.php(43): Illuminate/Container/BoundMethod::Illuminate/Container/{closure}()
#11 D:/project laravel/centralkitchen/vendor/laravel/framework/src/Illuminate/Container/BoundMethod.php(96): Illuminate/Container/Util::unwrapIfClosure(Object(Closure))
#12 D:/project laravel/centralkitchen/vendor/laravel/framework/src/Illuminate/Container/BoundMethod.php(35): Illuminate/Container/BoundMethod::callBoundMethod(Object(Illuminate/Foundation/Application), Array, Object(Closure))
#13 D:/project laravel/centralkitchen/vendor/laravel/framework/src/Illuminate/Container/Container.php(803): Illuminate/Container/BoundMethod::call(Object(Illuminate/Foundation/Application), Array, Array, NULL)
#14 D:/project laravel/centralkitchen/vendor/laravel/framework/src/Illuminate/Foundation/Application.php(1158): Illuminate/Container/Container->call(Array)
#15 D:/project laravel/centralkitchen/vendor/laravel/framework/src/Illuminate/Foundation/Application.php(1139): Illuminate/Foundation/Application->bootProvider(Object(Laravel/Sanctum/SanctumServiceProvider))
#16 [internal function]: Illuminate/Foundation/Application->Illuminate/Foundation/{closure}(Object(Laravel/Sanctum/SanctumServiceProvider), 'Laravel//Sanctum...')
#17 D:/project laravel/centralkitchen/vendor/laravel/framework/src/Illuminate/Foundation/Application.php(1138): array_walk(Array, Object(Closure))
#18 D:/project laravel/centralkitchen/vendor/laravel/framework/src/Illuminate/Foundation/Bootstrap/BootProviders.php(17): Illuminate/Foundation/Application->boot()
#19 D:/project laravel/centralkitchen/vendor/laravel/framework/src/Illuminate/Foundation/Application.php(349): Illuminate/Foundation/Bootstrap/BootProviders->bootstrap(Object(Illuminate/Foundation/Application))
#20 D:/project laravel/centralkitchen/vendor/laravel/framework/src/Illuminate/Foundation/Console/Kernel.php(507): Illuminate/Foundation/Application->bootstrapWith(Array)
#21 D:/project laravel/centralkitchen/vendor/laravel/framework/src/Illuminate/Foundation/Console/Kernel.php(196): Illuminate/Foundation/Console/Kernel->bootstrap()
#22 D:/project laravel/centralkitchen/vendor/laravel/framework/src/Illuminate/Foundation/Application.php(1242): Illuminate/Foundation/Console/Kernel->handle(Object(Symfony/Component/Console/Input/ArgvInput), Object(Symfony/Component/Console/Output/ConsoleOutput))
#23 D:/project laravel/centralkitchen/artisan(14): Illuminate/Foundation/Application->handleCommand(Object(Symfony/Component/Console/Input/ArgvInput))
#24 {main}
"} 
[2026-09-28 01:54:03] local.ERROR: Target class [files] does not exist. {"exception":"[object] (Illuminate\\Contracts\\Container\\BindingResolutionException(code: 0): Target class [files] does not exist. at D:/project laravel/centralkitchen/vendor/laravel/framework/src/Illuminate/Container/Container.php:1149)
[stacktrace]
#0 D:/project laravel/centralkitchen/vendor/laravel/framework/src/Illuminate/Container/Container.php(939): Illuminate/Container/Container->build('files')
#1 D:/project laravel/centralkitchen/vendor/laravel/framework/src/Illuminate/Foundation/Application.php(1085): Illuminate/Container/Container->resolve('files', Array, true)
#2 D:/project laravel/centralkitchen/vendor/laravel/framework/src/Illuminate/Container/Container.php(867): Illuminate/Foundation/Application->resolve('files', Array)
#3 D:/project laravel/centralkitchen/vendor/laravel/framework/src/Illuminate/Foundation/Application.php(1065): Illuminate/Container/Container->make('files', Array)
#4 D:/project laravel/centralkitchen/vendor/laravel/framework/src/Illuminate/Container/Container.php(1846): Illuminate/Foundation/Application->make('files')
#5 D:/project laravel/centralkitchen/vendor/laravel/framework/src/Illuminate/Foundation/Application.php(1340): Illuminate/Container/Container->offsetGet('files')
#6 D:/project laravel/centralkitchen/vendor/laravel/sanctum/src/SanctumServiceProvider.php(68): Illuminate/Foundation/Application->routesAreCached()
#7 D:/project laravel/centralkitchen/vendor/laravel/sanctum/src/SanctumServiceProvider.php(56): Laravel/Sanctum/SanctumServiceProvider->defineRoutes()
#8 D:/project laravel/centralkitchen/vendor/laravel/framework/src/Illuminate/Container/BoundMethod.php(36): Laravel/Sanctum/SanctumServiceProvider->boot()
#9 D:/project laravel/centralkitchen/vendor/laravel/framework/src/Illuminate/Container/Util.php(43): Illuminate/Container/BoundMethod::Illuminate/Container/{closure}()
#10 D:/project laravel/centralkitchen/vendor/laravel/framework/src/Illuminate/Container/BoundMethod.php(96): Illuminate/Container/Util::unwrapIfClosure(Object(Closure))
#11 D:/project laravel/centralkitchen/vendor/laravel/framework/src/Illuminate/Container/BoundMethod.php(35): Illuminate/Container/BoundMethod::callBoundMethod(Object(Illuminate/Foundation/Application), Array, Object(Closure))
#12 D:/project laravel/centralkitchen/vendor/laravel/framework/src/Illuminate/Container/Container.php(803): Illuminate/Container/BoundMethod::call(Object(Illuminate/Foundation/Application), Array, Array, NULL)
#13 D:/project laravel/centralkitchen/vendor/laravel/framework/src/Illuminate/Foundation/Application.php(1158): Illuminate/Container/Container->call(Array)
#14 D:/project laravel/centralkitchen/vendor/laravel/framework/src/Illuminate/Foundation/Application.php(1139): Illuminate/Foundation/Application->bootProvider(Object(Laravel/Sanctum/SanctumServiceProvider))
#15 [internal function]: Illuminate/Foundation/Application->Illuminate/Foundation/{closure}(Object(Laravel/Sanctum/SanctumServiceProvider), 'Laravel//Sanctum...')
#16 D:/project laravel/centralkitchen/vendor/laravel/framework/src/Illuminate/Foundation/Application.php(1138): array_walk(Array, Object(Closure))
#17 D:/project laravel/centralkitchen/vendor/laravel/framework/src/Illuminate/Foundation/Bootstrap/BootProviders.php(17): Illuminate/Foundation/Application->boot()
#18 D:/project laravel/centralkitchen/vendor/laravel/framework/src/Illuminate/Foundation/Application.php(349): Illuminate/Foundation/Bootstrap/BootProviders->bootstrap(Object(Illuminate/Foundation/Application))
#19 D:/project laravel/centralkitchen/vendor/laravel/framework/src/Illuminate/Foundation/Console/Kernel.php(507): Illuminate/Foundation/Application->bootstrapWith(Array)
#20 D:/project laravel/centralkitchen/vendor/laravel/framework/src/Illuminate/Foundation/Console/Kernel.php(196): Illuminate/Foundation/Console/Kernel->bootstrap()
#21 D:/project laravel/centralkitchen/vendor/laravel/framework/src/Illuminate/Foundation/Application.php(1242): Illuminate/Foundation/Console/Kernel->handle(Object(Symfony/Component/Console/Input/ArgvInput), Object(Symfony/Component/Console/Output/ConsoleOutput))
#22 D:/project laravel/centralkitchen/artisan(14): Illuminate/Foundation/Application->handleCommand(Object(Symfony/Component/Console/Input/ArgvInput))
#23 {main}

[previous exception] [object] (ReflectionException(code: -1): Class \"files\" does not exist at D:/project laravel/centralkitchen/vendor/laravel/framework/src/Illuminate/Container/Container.php:1147)
[stacktrace]
#0 D:/project laravel/centralkitchen/vendor/laravel/framework/src/Illuminate/Container/Container.php(1147): ReflectionClass->__construct('files')
#1 D:/project laravel/centralkitchen/vendor/laravel/framework/src/Illuminate/Container/Container.php(939): Illuminate/Container/Container->build('files')
#2 D:/project laravel/centralkitchen/vendor/laravel/framework/src/Illuminate/Foundation/Application.php(1085): Illuminate/Container/Container->resolve('files', Array, true)
#3 D:/project laravel/centralkitchen/vendor/laravel/framework/src/Illuminate/Container/Container.php(867): Illuminate/Foundation/Application->resolve('files', Array)
#4 D:/project laravel/centralkitchen/vendor/laravel/framework/src/Illuminate/Foundation/Application.php(1065): Illuminate/Container/Container->make('files', Array)
#5 D:/project laravel/centralkitchen/vendor/laravel/framework/src/Illuminate/Container/Container.php(1846): Illuminate/Foundation/Application->make('files')
#6 D:/project laravel/centralkitchen/vendor/laravel/framework/src/Illuminate/Foundation/Application.php(1340): Illuminate/Container/Container->offsetGet('files')
#7 D:/project laravel/centralkitchen/vendor/laravel/sanctum/src/SanctumServiceProvider.php(68): Illuminate/Foundation/Application->routesAreCached()
#8 D:/project laravel/centralkitchen/vendor/laravel/sanctum/src/SanctumServiceProvider.php(56): Laravel/Sanctum/SanctumServiceProvider->defineRoutes()
#9 D:/project laravel/centralkitchen/vendor/laravel/framework/src/Illuminate/Container/BoundMethod.php(36): Laravel/Sanctum/SanctumServiceProvider->boot()
#10 D:/project laravel/centralkitchen/vendor/laravel/framework/src/Illuminate/Container/Util.php(43): Illuminate/Container/BoundMethod::Illuminate/Container/{closure}()
#11 D:/project laravel/centralkitchen/vendor/laravel/framework/src/Illuminate/Container/BoundMethod.php(96): Illuminate/Container/Util::unwrapIfClosure(Object(Closure))
#12 D:/project laravel/centralkitchen/vendor/laravel/framework/src/Illuminate/Container/BoundMethod.php(35): Illuminate/Container/BoundMethod::callBoundMethod(Object(Illuminate/Foundation/Application), Array, Object(Closure))
#13 D:/project laravel/centralkitchen/vendor/laravel/framework/src/Illuminate/Container/Container.php(803): Illuminate/Container/BoundMethod::call(Object(Illuminate/Foundation/Application), Array, Array, NULL)
#14 D:/project laravel/centralkitchen/vendor/laravel/framework/src/Illuminate/Foundation/Application.php(1158): Illuminate/Container/Container->call(Array)
#15 D:/project laravel/centralkitchen/vendor/laravel/framework/src/Illuminate/Foundation/Application.php(1139): Illuminate/Foundation/Application->bootProvider(Object(Laravel/Sanctum/SanctumServiceProvider))
#16 [internal function]: Illuminate/Foundation/Application->Illuminate/Foundation/{closure}(Object(Laravel/Sanctum/SanctumServiceProvider), 'Laravel//Sanctum...')
#17 D:/project laravel/centralkitchen/vendor/laravel/framework/src/Illuminate/Foundation/Application.php(1138): array_walk(Array, Object(Closure))
#18 D:/project laravel/centralkitchen/vendor/laravel/framework/src/Illuminate/Foundation/Bootstrap/BootProviders.php(17): Illuminate/Foundation/Application->boot()
#19 D:/project laravel/centralkitchen/vendor/laravel/framework/src/Illuminate/Foundation/Application.php(349): Illuminate/Foundation/Bootstrap/BootProviders->bootstrap(Object(Illuminate/Foundation/Application))
#20 D:/project laravel/centralkitchen/vendor/laravel/framework/src/Illuminate/Foundation/Console/Kernel.php(507): Illuminate/Foundation/Application->bootstrapWith(Array)
#21 D:/project laravel/centralkitchen/vendor/laravel/framework/src/Illuminate/Foundation/Console/Kernel.php(196): Illuminate/Foundation/Console/Kernel->bootstrap()
#22 D:/project laravel/centralkitchen/vendor/laravel/framework/src/Illuminate/Foundation/Application.php(1242): Illuminate/Foundation/Console/Kernel->handle(Object(Symfony/Component/Console/Input/ArgvInput), Object(Symfony/Component/Console/Output/ConsoleOutput))
#23 D:/project laravel/centralkitchen/artisan(14): Illuminate/Foundation/Application->handleCommand(Object(Symfony/Component/Console/Input/ArgvInput))
#24 {main}
"} 
[2026-09-28 01:55:11] local.ERROR: SQLSTATE[HY000] [1049] Unknown database 'mbg_central_kitchen' {"exception":"[object] (PDOException(code: 1049): SQLSTATE[HY000] [1049] Unknown database 'mbg_central_kitchen' at D:/project laravel/centralkitchen/vendor/laravel/framework/src/Illuminate/Database/Connectors/Connector.php:66)
[stacktrace]
#0 D:/project laravel/centralkitchen/vendor/laravel/framework/src/Illuminate/Database/Connectors/Connector.php(66): PDO->__construct('mysql:host=127....', 'root', Object(SensitiveParameterValue), Array)
#1 D:/project laravel/centralkitchen/vendor/laravel/framework/src/Illuminate/Database/Connectors/Connector.php(44): Illuminate/Database/Connectors/Connector->createPdoConnection('mysql:host=127....', 'root', Object(SensitiveParameterValue), Array)
#2 D:/project laravel/centralkitchen/vendor/laravel/framework/src/Illuminate/Database/Connectors/MySqlConnector.php(24): Illuminate/Database/Connectors/Connector->createConnection('mysql:host=127....', Array, Array)
#3 D:/project laravel/centralkitchen/vendor/laravel/framework/src/Illuminate/Database/Connectors/ConnectionFactory.php(220): Illuminate/Database/Connectors/MySqlConnector->connect(Array)
#4 [internal function]: Illuminate/Database/Connectors/ConnectionFactory->Illuminate/Database/Connectors/{closure}()
#5 D:/project laravel/centralkitchen/vendor/laravel/framework/src/Illuminate/Database/Connection.php(1298): call_user_func(Object(Closure))
#6 D:/project laravel/centralkitchen/vendor/laravel/framework/src/Illuminate/Database/MySqlConnection.php(119): Illuminate/Database/Connection->getPdo()
#7 D:/project laravel/centralkitchen/vendor/laravel/framework/src/Illuminate/Database/MySqlConnection.php(29): Illuminate/Database/MySqlConnection->isMaria()
#8 D:/project laravel/centralkitchen/vendor/laravel/framework/src/Illuminate/Database/Console/ShowCommand.php(52): Illuminate/Database/MySqlConnection->getDriverTitle()
#9 D:/project laravel/centralkitchen/vendor/laravel/framework/src/Illuminate/Container/BoundMethod.php(36): Illuminate/Database/Console/ShowCommand->handle(Object(Illuminate/Database/DatabaseManager))
#10 D:/project laravel/centralkitchen/vendor/laravel/framework/src/Illuminate/Container/Util.php(43): Illuminate/Container/BoundMethod::Illuminate/Container/{closure}()
#11 D:/project laravel/centralkitchen/vendor/laravel/framework/src/Illuminate/Container/BoundMethod.php(96): Illuminate/Container/Util::unwrapIfClosure(Object(Closure))
#12 D:/project laravel/centralkitchen/vendor/laravel/framework/src/Illuminate/Container/BoundMethod.php(35): Illuminate/Container/BoundMethod::callBoundMethod(Object(Illuminate/Foundation/Application), Array, Object(Closure))
#13 D:/project laravel/centralkitchen/vendor/laravel/framework/src/Illuminate/Container/Container.php(803): Illuminate/Container/BoundMethod::call(Object(Illuminate/Foundation/Application), Array, Array, NULL)
#14 D:/project laravel/centralkitchen/vendor/laravel/framework/src/Illuminate/Console/Command.php(292): Illuminate/Container/Container->call(Array)
#15 D:/project laravel/centralkitchen/vendor/symfony/console/Command/Command.php(341): Illuminate/Console/Command->execute(Object(Symfony/Component/Console/Input/ArgvInput), Object(Illuminate/Console/OutputStyle))
#16 D:/project laravel/centralkitchen/vendor/laravel/framework/src/Illuminate/Console/Command.php(261): Symfony/Component/Console/Command/Command->run(Object(Symfony/Component/Console/Input/ArgvInput), Object(Illuminate/Console/OutputStyle))
#17 D:/project laravel/centralkitchen/vendor/symfony/console/Application.php(1117): Illuminate/Console/Command->run(Object(Symfony/Component/Console/Input/ArgvInput), Object(Symfony/Component/Console/Output/ConsoleOutput))
#18 D:/project laravel/centralkitchen/vendor/symfony/console/Application.php(356): Symfony/Component/Console/Application->doRunCommand(Object(Illuminate/Database/Console/ShowCommand), Object(Symfony/Component/Console/Input/ArgvInput), Object(Symfony/Component/Console/Output/ConsoleOutput))
#19 D:/project laravel/centralkitchen/vendor/symfony/console/Application.php(195): Symfony/Component/Console/Application->doRun(Object(Symfony/Component/Console/Input/ArgvInput), Object(Symfony/Component/Console/Output/ConsoleOutput))
#20 D:/project laravel/centralkitchen/vendor/laravel/framework/src/Illuminate/Foundation/Console/Kernel.php(198): Symfony/Component/Console/Application->run(Object(Symfony/Component/Console/Input/ArgvInput), Object(Symfony/Component/Console/Output/ConsoleOutput))
#21 D:/project laravel/centralkitchen/vendor/laravel/framework/src/Illuminate/Foundation/Application.php(1242): Illuminate/Foundation/Console/Kernel->handle(Object(Symfony/Component/Console/Input/ArgvInput), Object(Symfony/Component/Console/Output/ConsoleOutput))
#22 D:/project laravel/centralkitchen/artisan(14): Illuminate/Foundation/Application->handleCommand(Object(Symfony/Component/Console/Input/ArgvInput))
#23 {main}
"} 
[2026-09-28 01:57:34] local.ERROR: SQLSTATE[HY000]: General error: 1824 Failed to open the referenced table 'organizations' (Connection: mysql, Host: 127.0.0.1, Port: 3306, Database: mbg_central_kitchen, SQL: alter table `users` add constraint `users_organization_id_foreign` foreign key (`organization_id`) references `organizations` (`id`) on delete set null) {"exception":"[object] (Illuminate\\Database\\QueryException(code: HY000): SQLSTATE[HY000]: General error: 1824 Failed to open the referenced table 'organizations' (Connection: mysql, Host: 127.0.0.1, Port: 3306, Database: mbg_central_kitchen, SQL: alter table `users` add constraint `users_organization_id_foreign` foreign key (`organization_id`) references `organizations` (`id`) on delete set null) at D:/project laravel/centralkitchen/vendor/laravel/framework/src/Illuminate/Database/Connection.php:857)
[stacktrace]
#0 D:/project laravel/centralkitchen/vendor/laravel/framework/src/Illuminate/Database/Connection.php(813): Illuminate/Database/Connection->runQueryCallback('alter table `us...', Array, Object(Closure))
#1 D:/project laravel/centralkitchen/vendor/laravel/framework/src/Illuminate/Database/Connection.php(590): Illuminate/Database/Connection->run('alter table `us...', Array, Object(Closure))
#2 D:/project laravel/centralkitchen/vendor/laravel/framework/src/Illuminate/Database/Schema/Blueprint.php(122): Illuminate/Database/Connection->statement('alter table `us...')
#3 D:/project laravel/centralkitchen/vendor/laravel/framework/src/Illuminate/Database/Schema/Builder.php(704): Illuminate/Database/Schema/Blueprint->build()
#4 D:/project laravel/centralkitchen/vendor/laravel/framework/src/Illuminate/Database/Schema/Builder.php(522): Illuminate/Database/Schema/Builder->build(Object(Illuminate/Database/Schema/Blueprint))
#5 D:/project laravel/centralkitchen/vendor/laravel/framework/src/Illuminate/Support/Facades/Facade.php(364): Illuminate/Database/Schema/Builder->create('users', Object(Closure))
#6 D:/project laravel/centralkitchen/database/migrations/2026_01_01_000001_create_framework_tables.php(11): Illuminate/Support/Facades/Facade::__callStatic('create', Array)
#7 D:/project laravel/centralkitchen/vendor/laravel/framework/src/Illuminate/Database/Migrations/Migrator.php(517): Illuminate/Database/Migrations/Migration@anonymous->up()
#8 D:/project laravel/centralkitchen/vendor/laravel/framework/src/Illuminate/Database/Migrations/Migrator.php(442): Illuminate/Database/Migrations/Migrator->runMethod(Object(Illuminate/Database/MySqlConnection), Object(Illuminate/Database/Migrations/Migration@anonymous), 'up')
#9 D:/project laravel/centralkitchen/vendor/laravel/framework/src/Illuminate/Database/Migrations/Migrator.php(451): Illuminate/Database/Migrations/Migrator->Illuminate/Database/Migrations/{closure}()
#10 D:/project laravel/centralkitchen/vendor/laravel/framework/src/Illuminate/Database/Migrations/Migrator.php(253): Illuminate/Database/Migrations/Migrator->runMigration(Object(Illuminate/Database/Migrations/Migration@anonymous), 'up', '2026_01_01_0000...')
#11 D:/project laravel/centralkitchen/vendor/laravel/framework/src/Illuminate/Console/View/Components/Task.php(43): Illuminate/Database/Migrations/Migrator->Illuminate/Database/Migrations/{closure}()
#12 D:/project laravel/centralkitchen/vendor/laravel/framework/src/Illuminate/Database/Migrations/Migrator.php(853): Illuminate/Console/View/Components/Task->render('2026_01_01_0000...', Object(Closure))
#13 D:/project laravel/centralkitchen/vendor/laravel/framework/src/Illuminate/Database/Migrations/Migrator.php(253): Illuminate/Database/Migrations/Migrator->write('Illuminate//Cons...', '2026_01_01_0000...', Object(Closure))
#14 D:/project laravel/centralkitchen/vendor/laravel/framework/src/Illuminate/Database/Migrations/Migrator.php(211): Illuminate/Database/Migrations/Migrator->runUp('D://project lara...', 1, false)
#15 D:/project laravel/centralkitchen/vendor/laravel/framework/src/Illuminate/Database/Migrations/Migrator.php(138): Illuminate/Database/Migrations/Migrator->runPending(Array, Array)
#16 D:/project laravel/centralkitchen/vendor/laravel/framework/src/Illuminate/Database/Console/Migrations/MigrateCommand.php(118): Illuminate/Database/Migrations/Migrator->run(Array, Array)
#17 D:/project laravel/centralkitchen/vendor/laravel/framework/src/Illuminate/Database/Migrations/Migrator.php(672): Illuminate/Database/Console/Migrations/MigrateCommand->Illuminate/Database/Console/Migrations/{closure}()
#18 D:/project laravel/centralkitchen/vendor/laravel/framework/src/Illuminate/Database/Console/Migrations/MigrateCommand.php(111): Illuminate/Database/Migrations/Migrator->usingConnection(NULL, Object(Closure))
#19 D:/project laravel/centralkitchen/vendor/laravel/framework/src/Illuminate/Database/Console/Migrations/MigrateCommand.php(90): Illuminate/Database/Console/Migrations/MigrateCommand->runMigrations()
#20 D:/project laravel/centralkitchen/vendor/laravel/framework/src/Illuminate/Container/BoundMethod.php(36): Illuminate/Database/Console/Migrations/MigrateCommand->handle()
#21 D:/project laravel/centralkitchen/vendor/laravel/framework/src/Illuminate/Container/Util.php(43): Illuminate/Container/BoundMethod::Illuminate/Container/{closure}()
#22 D:/project laravel/centralkitchen/vendor/laravel/framework/src/Illuminate/Container/BoundMethod.php(96): Illuminate/Container/Util::unwrapIfClosure(Object(Closure))
#23 D:/project laravel/centralkitchen/vendor/laravel/framework/src/Illuminate/Container/BoundMethod.php(35): Illuminate/Container/BoundMethod::callBoundMethod(Object(Illuminate/Foundation/Application), Array, Object(Closure))
#24 D:/project laravel/centralkitchen/vendor/laravel/framework/src/Illuminate/Container/Container.php(803): Illuminate/Container/BoundMethod::call(Object(Illuminate/Foundation/Application), Array, Array, NULL)
#25 D:/project laravel/centralkitchen/vendor/laravel/framework/src/Illuminate/Console/Command.php(292): Illuminate/Container/Container->call(Array)
#26 D:/project laravel/centralkitchen/vendor/symfony/console/Command/Command.php(341): Illuminate/Console/Command->execute(Object(Symfony/Component/Console/Input/ArgvInput), Object(Illuminate/Console/OutputStyle))
#27 D:/project laravel/centralkitchen/vendor/laravel/framework/src/Illuminate/Console/Command.php(261): Symfony/Component/Console/Command/Command->run(Object(Symfony/Component/Console/Input/ArgvInput), Object(Illuminate/Console/OutputStyle))
#28 D:/project laravel/centralkitchen/vendor/symfony/console/Application.php(1117): Illuminate/Console/Command->run(Object(Symfony/Component/Console/Input/ArgvInput), Object(Symfony/Component/Console/Output/ConsoleOutput))
#29 D:/project laravel/centralkitchen/vendor/symfony/console/Application.php(356): Symfony/Component/Console/Application->doRunCommand(Object(Illuminate/Database/Console/Migrations/MigrateCommand), Object(Symfony/Component/Console/Input/ArgvInput), Object(Symfony/Component/Console/Output/ConsoleOutput))
#30 D:/project laravel/centralkitchen/vendor/symfony/console/Application.php(195): Symfony/Component/Console/Application->doRun(Object(Symfony/Component/Console/Input/ArgvInput), Object(Symfony/Component/Console/Output/ConsoleOutput))
#31 D:/project laravel/centralkitchen/vendor/laravel/framework/src/Illuminate/Foundation/Console/Kernel.php(198): Symfony/Component/Console/Application->run(Object(Symfony/Component/Console/Input/ArgvInput), Object(Symfony/Component/Console/Output/ConsoleOutput))
#32 D:/project laravel/centralkitchen/vendor/laravel/framework/src/Illuminate/Foundation/Application.php(1242): Illuminate/Foundation/Console/Kernel->handle(Object(Symfony/Component/Console/Input/ArgvInput), Object(Symfony/Component/Console/Output/ConsoleOutput))
#33 D:/project laravel/centralkitchen/artisan(14): Illuminate/Foundation/Application->handleCommand(Object(Symfony/Component/Console/Input/ArgvInput))
#34 {main}

[previous exception] [object] (PDOException(code: HY000): SQLSTATE[HY000]: General error: 1824 Failed to open the referenced table 'organizations' at D:/project laravel/centralkitchen/vendor/laravel/framework/src/Illuminate/Database/Connection.php:601)
[stacktrace]
#0 D:/project laravel/centralkitchen/vendor/laravel/framework/src/Illuminate/Database/Connection.php(601): PDOStatement->execute()
#1 D:/project laravel/centralkitchen/vendor/laravel/framework/src/Illuminate/Database/Connection.php(846): Illuminate/Database/Connection->Illuminate/Database/{closure}('alter table `us...', Array)
#2 D:/project laravel/centralkitchen/vendor/laravel/framework/src/Illuminate/Database/Connection.php(813): Illuminate/Database/Connection->runQueryCallback('alter table `us...', Array, Object(Closure))
#3 D:/project laravel/centralkitchen/vendor/laravel/framework/src/Illuminate/Database/Connection.php(590): Illuminate/Database/Connection->run('alter table `us...', Array, Object(Closure))
#4 D:/project laravel/centralkitchen/vendor/laravel/framework/src/Illuminate/Database/Schema/Blueprint.php(122): Illuminate/Database/Connection->statement('alter table `us...')
#5 D:/project laravel/centralkitchen/vendor/laravel/framework/src/Illuminate/Database/Schema/Builder.php(704): Illuminate/Database/Schema/Blueprint->build()
#6 D:/project laravel/centralkitchen/vendor/laravel/framework/src/Illuminate/Database/Schema/Builder.php(522): Illuminate/Database/Schema/Builder->build(Object(Illuminate/Database/Schema/Blueprint))
#7 D:/project laravel/centralkitchen/vendor/laravel/framework/src/Illuminate/Support/Facades/Facade.php(364): Illuminate/Database/Schema/Builder->create('users', Object(Closure))
#8 D:/project laravel/centralkitchen/database/migrations/2026_01_01_000001_create_framework_tables.php(11): Illuminate/Support/Facades/Facade::__callStatic('create', Array)
#9 D:/project laravel/centralkitchen/vendor/laravel/framework/src/Illuminate/Database/Migrations/Migrator.php(517): Illuminate/Database/Migrations/Migration@anonymous->up()
#10 D:/project laravel/centralkitchen/vendor/laravel/framework/src/Illuminate/Database/Migrations/Migrator.php(442): Illuminate/Database/Migrations/Migrator->runMethod(Object(Illuminate/Database/MySqlConnection), Object(Illuminate/Database/Migrations/Migration@anonymous), 'up')
#11 D:/project laravel/centralkitchen/vendor/laravel/framework/src/Illuminate/Database/Migrations/Migrator.php(451): Illuminate/Database/Migrations/Migrator->Illuminate/Database/Migrations/{closure}()
#12 D:/project laravel/centralkitchen/vendor/laravel/framework/src/Illuminate/Database/Migrations/Migrator.php(253): Illuminate/Database/Migrations/Migrator->runMigration(Object(Illuminate/Database/Migrations/Migration@anonymous), 'up', '2026_01_01_0000...')
#13 D:/project laravel/centralkitchen/vendor/laravel/framework/src/Illuminate/Console/View/Components/Task.php(43): Illuminate/Database/Migrations/Migrator->Illuminate/Database/Migrations/{closure}()
#14 D:/project laravel/centralkitchen/vendor/laravel/framework/src/Illuminate/Database/Migrations/Migrator.php(853): Illuminate/Console/View/Components/Task->render('2026_01_01_0000...', Object(Closure))
#15 D:/project laravel/centralkitchen/vendor/laravel/framework/src/Illuminate/Database/Migrations/Migrator.php(253): Illuminate/Database/Migrations/Migrator->write('Illuminate//Cons...', '2026_01_01_0000...', Object(Closure))
#16 D:/project laravel/centralkitchen/vendor/laravel/framework/src/Illuminate/Database/Migrations/Migrator.php(211): Illuminate/Database/Migrations/Migrator->runUp('D://project lara...', 1, false)
#17 D:/project laravel/centralkitchen/vendor/laravel/framework/src/Illuminate/Database/Migrations/Migrator.php(138): Illuminate/Database/Migrations/Migrator->runPending(Array, Array)
#18 D:/project laravel/centralkitchen/vendor/laravel/framework/src/Illuminate/Database/Console/Migrations/MigrateCommand.php(118): Illuminate/Database/Migrations/Migrator->run(Array, Array)
#19 D:/project laravel/centralkitchen/vendor/laravel/framework/src/Illuminate/Database/Migrations/Migrator.php(672): Illuminate/Database/Console/Migrations/MigrateCommand->Illuminate/Database/Console/Migrations/{closure}()
#20 D:/project laravel/centralkitchen/vendor/laravel/framework/src/Illuminate/Database/Console/Migrations/MigrateCommand.php(111): Illuminate/Database/Migrations/Migrator->usingConnection(NULL, Object(Closure))
#21 D:/project laravel/centralkitchen/vendor/laravel/framework/src/Illuminate/Database/Console/Migrations/MigrateCommand.php(90): Illuminate/Database/Console/Migrations/MigrateCommand->runMigrations()
#22 D:/project laravel/centralkitchen/vendor/laravel/framework/src/Illuminate/Container/BoundMethod.php(36): Illuminate/Database/Console/Migrations/MigrateCommand->handle()
#23 D:/project laravel/centralkitchen/vendor/laravel/framework/src/Illuminate/Container/Util.php(43): Illuminate/Container/BoundMethod::Illuminate/Container/{closure}()
#24 D:/project laravel/centralkitchen/vendor/laravel/framework/src/Illuminate/Container/BoundMethod.php(96): Illuminate/Container/Util::unwrapIfClosure(Object(Closure))
#25 D:/project laravel/centralkitchen/vendor/laravel/framework/src/Illuminate/Container/BoundMethod.php(35): Illuminate/Container/BoundMethod::callBoundMethod(Object(Illuminate/Foundation/Application), Array, Object(Closure))
#26 D:/project laravel/centralkitchen/vendor/laravel/framework/src/Illuminate/Container/Container.php(803): Illuminate/Container/BoundMethod::call(Object(Illuminate/Foundation/Application), Array, Array, NULL)
#27 D:/project laravel/centralkitchen/vendor/laravel/framework/src/Illuminate/Console/Command.php(292): Illuminate/Container/Container->call(Array)
#28 D:/project laravel/centralkitchen/vendor/symfony/console/Command/Command.php(341): Illuminate/Console/Command->execute(Object(Symfony/Component/Console/Input/ArgvInput), Object(Illuminate/Console/OutputStyle))
#29 D:/project laravel/centralkitchen/vendor/laravel/framework/src/Illuminate/Console/Command.php(261): Symfony/Component/Console/Command/Command->run(Object(Symfony/Component/Console/Input/ArgvInput), Object(Illuminate/Console/OutputStyle))
#30 D:/project laravel/centralkitchen/vendor/symfony/console/Application.php(1117): Illuminate/Console/Command->run(Object(Symfony/Component/Console/Input/ArgvInput), Object(Symfony/Component/Console/Output/ConsoleOutput))
#31 D:/project laravel/centralkitchen/vendor/symfony/console/Application.php(356): Symfony/Component/Console/Application->doRunCommand(Object(Illuminate/Database/Console/Migrations/MigrateCommand), Object(Symfony/Component/Console/Input/ArgvInput), Object(Symfony/Component/Console/Output/ConsoleOutput))
#32 D:/project laravel/centralkitchen/vendor/symfony/console/Application.php(195): Symfony/Component/Console/Application->doRun(Object(Symfony/Component/Console/Input/ArgvInput), Object(Symfony/Component/Console/Output/ConsoleOutput))
#33 D:/project laravel/centralkitchen/vendor/laravel/framework/src/Illuminate/Foundation/Console/Kernel.php(198): Symfony/Component/Console/Application->run(Object(Symfony/Component/Console/Input/ArgvInput), Object(Symfony/Component/Console/Output/ConsoleOutput))
#34 D:/project laravel/centralkitchen/vendor/laravel/framework/src/Illuminate/Foundation/Application.php(1242): Illuminate/Foundation/Console/Kernel->handle(Object(Symfony/Component/Console/Input/ArgvInput), Object(Symfony/Component/Console/Output/ConsoleOutput))
#35 D:/project laravel/centralkitchen/artisan(14): Illuminate/Foundation/Application->handleCommand(Object(Symfony/Component/Console/Input/ArgvInput))
#36 {main}
"} 
[2026-09-28 01:57:44] local.ERROR: SQLSTATE[42S01]: Base table or view already exists: 1050 Table 'users' already exists (Connection: mysql, Host: 127.0.0.1, Port: 3306, Database: mbg_central_kitchen, SQL: create table `users` (`id` bigint unsigned not null auto_increment primary key, `organization_id` bigint unsigned null, `central_kitchen_id` bigint unsigned null, `warehouse_id` bigint unsigned null, `name` varchar(255) not null, `email` varchar(255) not null, `email_verified_at` timestamp null, `password` varchar(255) not null, `phone` varchar(30) null, `avatar` varchar(255) null, `is_active` tinyint(1) not null default '1', `last_login_at` timestamp null, `remember_token` varchar(100) null, `created_at` timestamp null, `updated_at` timestamp null, `deleted_at` timestamp null) default character set utf8mb4 collate 'utf8mb4_unicode_ci') {"exception":"[object] (Illuminate\\Database\\QueryException(code: 42S01): SQLSTATE[42S01]: Base table or view already exists: 1050 Table 'users' already exists (Connection: mysql, Host: 127.0.0.1, Port: 3306, Database: mbg_central_kitchen, SQL: create table `users` (`id` bigint unsigned not null auto_increment primary key, `organization_id` bigint unsigned null, `central_kitchen_id` bigint unsigned null, `warehouse_id` bigint unsigned null, `name` varchar(255) not null, `email` varchar(255) not null, `email_verified_at` timestamp null, `password` varchar(255) not null, `phone` varchar(30) null, `avatar` varchar(255) null, `is_active` tinyint(1) not null default '1', `last_login_at` timestamp null, `remember_token` varchar(100) null, `created_at` timestamp null, `updated_at` timestamp null, `deleted_at` timestamp null) default character set utf8mb4 collate 'utf8mb4_unicode_ci') at D:/project laravel/centralkitchen/vendor/laravel/framework/src/Illuminate/Database/Connection.php:857)
[stacktrace]
#0 D:/project laravel/centralkitchen/vendor/laravel/framework/src/Illuminate/Database/Connection.php(813): Illuminate/Database/Connection->runQueryCallback('create table `u...', Array, Object(Closure))
#1 D:/project laravel/centralkitchen/vendor/laravel/framework/src/Illuminate/Database/Connection.php(590): Illuminate/Database/Connection->run('create table `u...', Array, Object(Closure))
#2 D:/project laravel/centralkitchen/vendor/laravel/framework/src/Illuminate/Database/Schema/Blueprint.php(122): Illuminate/Database/Connection->statement('create table `u...')
#3 D:/project laravel/centralkitchen/vendor/laravel/framework/src/Illuminate/Database/Schema/Builder.php(704): Illuminate/Database/Schema/Blueprint->build()
#4 D:/project laravel/centralkitchen/vendor/laravel/framework/src/Illuminate/Database/Schema/Builder.php(522): Illuminate/Database/Schema/Builder->build(Object(Illuminate/Database/Schema/Blueprint))
#5 D:/project laravel/centralkitchen/vendor/laravel/framework/src/Illuminate/Support/Facades/Facade.php(364): Illuminate/Database/Schema/Builder->create('users', Object(Closure))
#6 D:/project laravel/centralkitchen/database/migrations/2026_01_01_000001_create_framework_tables.php(11): Illuminate/Support/Facades/Facade::__callStatic('create', Array)
#7 D:/project laravel/centralkitchen/vendor/laravel/framework/src/Illuminate/Database/Migrations/Migrator.php(517): Illuminate/Database/Migrations/Migration@anonymous->up()
#8 D:/project laravel/centralkitchen/vendor/laravel/framework/src/Illuminate/Database/Migrations/Migrator.php(442): Illuminate/Database/Migrations/Migrator->runMethod(Object(Illuminate/Database/MySqlConnection), Object(Illuminate/Database/Migrations/Migration@anonymous), 'up')
#9 D:/project laravel/centralkitchen/vendor/laravel/framework/src/Illuminate/Database/Migrations/Migrator.php(451): Illuminate/Database/Migrations/Migrator->Illuminate/Database/Migrations/{closure}()
#10 D:/project laravel/centralkitchen/vendor/laravel/framework/src/Illuminate/Database/Migrations/Migrator.php(253): Illuminate/Database/Migrations/Migrator->runMigration(Object(Illuminate/Database/Migrations/Migration@anonymous), 'up', '2026_01_01_0000...')
#11 D:/project laravel/centralkitchen/vendor/laravel/framework/src/Illuminate/Console/View/Components/Task.php(43): Illuminate/Database/Migrations/Migrator->Illuminate/Database/Migrations/{closure}()
#12 D:/project laravel/centralkitchen/vendor/laravel/framework/src/Illuminate/Database/Migrations/Migrator.php(853): Illuminate/Console/View/Components/Task->render('2026_01_01_0000...', Object(Closure))
#13 D:/project laravel/centralkitchen/vendor/laravel/framework/src/Illuminate/Database/Migrations/Migrator.php(253): Illuminate/Database/Migrations/Migrator->write('Illuminate//Cons...', '2026_01_01_0000...', Object(Closure))
#14 D:/project laravel/centralkitchen/vendor/laravel/framework/src/Illuminate/Database/Migrations/Migrator.php(211): Illuminate/Database/Migrations/Migrator->runUp('D://project lara...', 1, false)
#15 D:/project laravel/centralkitchen/vendor/laravel/framework/src/Illuminate/Database/Migrations/Migrator.php(138): Illuminate/Database/Migrations/Migrator->runPending(Array, Array)
#16 D:/project laravel/centralkitchen/vendor/laravel/framework/src/Illuminate/Database/Console/Migrations/MigrateCommand.php(118): Illuminate/Database/Migrations/Migrator->run(Array, Array)
#17 D:/project laravel/centralkitchen/vendor/laravel/framework/src/Illuminate/Database/Migrations/Migrator.php(672): Illuminate/Database/Console/Migrations/MigrateCommand->Illuminate/Database/Console/Migrations/{closure}()
#18 D:/project laravel/centralkitchen/vendor/laravel/framework/src/Illuminate/Database/Console/Migrations/MigrateCommand.php(111): Illuminate/Database/Migrations/Migrator->usingConnection(NULL, Object(Closure))
#19 D:/project laravel/centralkitchen/vendor/laravel/framework/src/Illuminate/Database/Console/Migrations/MigrateCommand.php(90): Illuminate/Database/Console/Migrations/MigrateCommand->runMigrations()
#20 D:/project laravel/centralkitchen/vendor/laravel/framework/src/Illuminate/Container/BoundMethod.php(36): Illuminate/Database/Console/Migrations/MigrateCommand->handle()
#21 D:/project laravel/centralkitchen/vendor/laravel/framework/src/Illuminate/Container/Util.php(43): Illuminate/Container/BoundMethod::Illuminate/Container/{closure}()
#22 D:/project laravel/centralkitchen/vendor/laravel/framework/src/Illuminate/Container/BoundMethod.php(96): Illuminate/Container/Util::unwrapIfClosure(Object(Closure))
#23 D:/project laravel/centralkitchen/vendor/laravel/framework/src/Illuminate/Container/BoundMethod.php(35): Illuminate/Container/BoundMethod::callBoundMethod(Object(Illuminate/Foundation/Application), Array, Object(Closure))
#24 D:/project laravel/centralkitchen/vendor/laravel/framework/src/Illuminate/Container/Container.php(803): Illuminate/Container/BoundMethod::call(Object(Illuminate/Foundation/Application), Array, Array, NULL)
#25 D:/project laravel/centralkitchen/vendor/laravel/framework/src/Illuminate/Console/Command.php(292): Illuminate/Container/Container->call(Array)
#26 D:/project laravel/centralkitchen/vendor/symfony/console/Command/Command.php(341): Illuminate/Console/Command->execute(Object(Symfony/Component/Console/Input/ArgvInput), Object(Illuminate/Console/OutputStyle))
#27 D:/project laravel/centralkitchen/vendor/laravel/framework/src/Illuminate/Console/Command.php(261): Symfony/Component/Console/Command/Command->run(Object(Symfony/Component/Console/Input/ArgvInput), Object(Illuminate/Console/OutputStyle))
#28 D:/project laravel/centralkitchen/vendor/symfony/console/Application.php(1117): Illuminate/Console/Command->run(Object(Symfony/Component/Console/Input/ArgvInput), Object(Symfony/Component/Console/Output/ConsoleOutput))
#29 D:/project laravel/centralkitchen/vendor/symfony/console/Application.php(356): Symfony/Component/Console/Application->doRunCommand(Object(Illuminate/Database/Console/Migrations/MigrateCommand), Object(Symfony/Component/Console/Input/ArgvInput), Object(Symfony/Component/Console/Output/ConsoleOutput))
#30 D:/project laravel/centralkitchen/vendor/symfony/console/Application.php(195): Symfony/Component/Console/Application->doRun(Object(Symfony/Component/Console/Input/ArgvInput), Object(Symfony/Component/Console/Output/ConsoleOutput))
#31 D:/project laravel/centralkitchen/vendor/laravel/framework/src/Illuminate/Foundation/Console/Kernel.php(198): Symfony/Component/Console/Application->run(Object(Symfony/Component/Console/Input/ArgvInput), Object(Symfony/Component/Console/Output/ConsoleOutput))
#32 D:/project laravel/centralkitchen/vendor/laravel/framework/src/Illuminate/Foundation/Application.php(1242): Illuminate/Foundation/Console/Kernel->handle(Object(Symfony/Component/Console/Input/ArgvInput), Object(Symfony/Component/Console/Output/ConsoleOutput))
#33 D:/project laravel/centralkitchen/artisan(14): Illuminate/Foundation/Application->handleCommand(Object(Symfony/Component/Console/Input/ArgvInput))
#34 {main}

[previous exception] [object] (PDOException(code: 42S01): SQLSTATE[42S01]: Base table or view already exists: 1050 Table 'users' already exists at D:/project laravel/centralkitchen/vendor/laravel/framework/src/Illuminate/Database/Connection.php:601)
[stacktrace]
#0 D:/project laravel/centralkitchen/vendor/laravel/framework/src/Illuminate/Database/Connection.php(601): PDOStatement->execute()
#1 D:/project laravel/centralkitchen/vendor/laravel/framework/src/Illuminate/Database/Connection.php(846): Illuminate/Database/Connection->Illuminate/Database/{closure}('create table `u...', Array)
#2 D:/project laravel/centralkitchen/vendor/laravel/framework/src/Illuminate/Database/Connection.php(813): Illuminate/Database/Connection->runQueryCallback('create table `u...', Array, Object(Closure))
#3 D:/project laravel/centralkitchen/vendor/laravel/framework/src/Illuminate/Database/Connection.php(590): Illuminate/Database/Connection->run('create table `u...', Array, Object(Closure))
#4 D:/project laravel/centralkitchen/vendor/laravel/framework/src/Illuminate/Database/Schema/Blueprint.php(122): Illuminate/Database/Connection->statement('create table `u...')
#5 D:/project laravel/centralkitchen/vendor/laravel/framework/src/Illuminate/Database/Schema/Builder.php(704): Illuminate/Database/Schema/Blueprint->build()
#6 D:/project laravel/centralkitchen/vendor/laravel/framework/src/Illuminate/Database/Schema/Builder.php(522): Illuminate/Database/Schema/Builder->build(Object(Illuminate/Database/Schema/Blueprint))
#7 D:/project laravel/centralkitchen/vendor/laravel/framework/src/Illuminate/Support/Facades/Facade.php(364): Illuminate/Database/Schema/Builder->create('users', Object(Closure))
#8 D:/project laravel/centralkitchen/database/migrations/2026_01_01_000001_create_framework_tables.php(11): Illuminate/Support/Facades/Facade::__callStatic('create', Array)
#9 D:/project laravel/centralkitchen/vendor/laravel/framework/src/Illuminate/Database/Migrations/Migrator.php(517): Illuminate/Database/Migrations/Migration@anonymous->up()
#10 D:/project laravel/centralkitchen/vendor/laravel/framework/src/Illuminate/Database/Migrations/Migrator.php(442): Illuminate/Database/Migrations/Migrator->runMethod(Object(Illuminate/Database/MySqlConnection), Object(Illuminate/Database/Migrations/Migration@anonymous), 'up')
#11 D:/project laravel/centralkitchen/vendor/laravel/framework/src/Illuminate/Database/Migrations/Migrator.php(451): Illuminate/Database/Migrations/Migrator->Illuminate/Database/Migrations/{closure}()
#12 D:/project laravel/centralkitchen/vendor/laravel/framework/src/Illuminate/Database/Migrations/Migrator.php(253): Illuminate/Database/Migrations/Migrator->runMigration(Object(Illuminate/Database/Migrations/Migration@anonymous), 'up', '2026_01_01_0000...')
#13 D:/project laravel/centralkitchen/vendor/laravel/framework/src/Illuminate/Console/View/Components/Task.php(43): Illuminate/Database/Migrations/Migrator->Illuminate/Database/Migrations/{closure}()
#14 D:/project laravel/centralkitchen/vendor/laravel/framework/src/Illuminate/Database/Migrations/Migrator.php(853): Illuminate/Console/View/Components/Task->render('2026_01_01_0000...', Object(Closure))
#15 D:/project laravel/centralkitchen/vendor/laravel/framework/src/Illuminate/Database/Migrations/Migrator.php(253): Illuminate/Database/Migrations/Migrator->write('Illuminate//Cons...', '2026_01_01_0000...', Object(Closure))
#16 D:/project laravel/centralkitchen/vendor/laravel/framework/src/Illuminate/Database/Migrations/Migrator.php(211): Illuminate/Database/Migrations/Migrator->runUp('D://project lara...', 1, false)
#17 D:/project laravel/centralkitchen/vendor/laravel/framework/src/Illuminate/Database/Migrations/Migrator.php(138): Illuminate/Database/Migrations/Migrator->runPending(Array, Array)
#18 D:/project laravel/centralkitchen/vendor/laravel/framework/src/Illuminate/Database/Console/Migrations/MigrateCommand.php(118): Illuminate/Database/Migrations/Migrator->run(Array, Array)
#19 D:/project laravel/centralkitchen/vendor/laravel/framework/src/Illuminate/Database/Migrations/Migrator.php(672): Illuminate/Database/Console/Migrations/MigrateCommand->Illuminate/Database/Console/Migrations/{closure}()
#20 D:/project laravel/centralkitchen/vendor/laravel/framework/src/Illuminate/Database/Console/Migrations/MigrateCommand.php(111): Illuminate/Database/Migrations/Migrator->usingConnection(NULL, Object(Closure))
#21 D:/project laravel/centralkitchen/vendor/laravel/framework/src/Illuminate/Database/Console/Migrations/MigrateCommand.php(90): Illuminate/Database/Console/Migrations/MigrateCommand->runMigrations()
#22 D:/project laravel/centralkitchen/vendor/laravel/framework/src/Illuminate/Container/BoundMethod.php(36): Illuminate/Database/Console/Migrations/MigrateCommand->handle()
#23 D:/project laravel/centralkitchen/vendor/laravel/framework/src/Illuminate/Container/Util.php(43): Illuminate/Container/BoundMethod::Illuminate/Container/{closure}()
#24 D:/project laravel/centralkitchen/vendor/laravel/framework/src/Illuminate/Container/BoundMethod.php(96): Illuminate/Container/Util::unwrapIfClosure(Object(Closure))
#25 D:/project laravel/centralkitchen/vendor/laravel/framework/src/Illuminate/Container/BoundMethod.php(35): Illuminate/Container/BoundMethod::callBoundMethod(Object(Illuminate/Foundation/Application), Array, Object(Closure))
#26 D:/project laravel/centralkitchen/vendor/laravel/framework/src/Illuminate/Container/Container.php(803): Illuminate/Container/BoundMethod::call(Object(Illuminate/Foundation/Application), Array, Array, NULL)
#27 D:/project laravel/centralkitchen/vendor/laravel/framework/src/Illuminate/Console/Command.php(292): Illuminate/Container/Container->call(Array)
#28 D:/project laravel/centralkitchen/vendor/symfony/console/Command/Command.php(341): Illuminate/Console/Command->execute(Object(Symfony/Component/Console/Input/ArgvInput), Object(Illuminate/Console/OutputStyle))
#29 D:/project laravel/centralkitchen/vendor/laravel/framework/src/Illuminate/Console/Command.php(261): Symfony/Component/Console/Command/Command->run(Object(Symfony/Component/Console/Input/ArgvInput), Object(Illuminate/Console/OutputStyle))
#30 D:/project laravel/centralkitchen/vendor/symfony/console/Application.php(1117): Illuminate/Console/Command->run(Object(Symfony/Component/Console/Input/ArgvInput), Object(Symfony/Component/Console/Output/ConsoleOutput))
#31 D:/project laravel/centralkitchen/vendor/symfony/console/Application.php(356): Symfony/Component/Console/Application->doRunCommand(Object(Illuminate/Database/Console/Migrations/MigrateCommand), Object(Symfony/Component/Console/Input/ArgvInput), Object(Symfony/Component/Console/Output/ConsoleOutput))
#32 D:/project laravel/centralkitchen/vendor/symfony/console/Application.php(195): Symfony/Component/Console/Application->doRun(Object(Symfony/Component/Console/Input/ArgvInput), Object(Symfony/Component/Console/Output/ConsoleOutput))
#33 D:/project laravel/centralkitchen/vendor/laravel/framework/src/Illuminate/Foundation/Console/Kernel.php(198): Symfony/Component/Console/Application->run(Object(Symfony/Component/Console/Input/ArgvInput), Object(Symfony/Component/Console/Output/ConsoleOutput))
#34 D:/project laravel/centralkitchen/vendor/laravel/framework/src/Illuminate/Foundation/Application.php(1242): Illuminate/Foundation/Console/Kernel->handle(Object(Symfony/Component/Console/Input/ArgvInput), Object(Symfony/Component/Console/Output/ConsoleOutput))
#35 D:/project laravel/centralkitchen/artisan(14): Illuminate/Foundation/Application->handleCommand(Object(Symfony/Component/Console/Input/ArgvInput))
#36 {main}
"} 
[2026-09-28 01:57:53] local.ERROR: SQLSTATE[42000]: Syntax error or access violation: 1059 Identifier name 'inventory_movements_warehouse_id_item_type_item_id_movement_date_index' is too long (Connection: mysql, Host: 127.0.0.1, Port: 3306, Database: mbg_central_kitchen, SQL: alter table `inventory_movements` add index `inventory_movements_warehouse_id_item_type_item_id_movement_date_index`(`warehouse_id`, `item_type`, `item_id`, `movement_date`)) {"exception":"[object] (Illuminate\\Database\\QueryException(code: 42000): SQLSTATE[42000]: Syntax error or access violation: 1059 Identifier name 'inventory_movements_warehouse_id_item_type_item_id_movement_date_index' is too long (Connection: mysql, Host: 127.0.0.1, Port: 3306, Database: mbg_central_kitchen, SQL: alter table `inventory_movements` add index `inventory_movements_warehouse_id_item_type_item_id_movement_date_index`(`warehouse_id`, `item_type`, `item_id`, `movement_date`)) at D:/project laravel/centralkitchen/vendor/laravel/framework/src/Illuminate/Database/Connection.php:857)
[stacktrace]
#0 D:/project laravel/centralkitchen/vendor/laravel/framework/src/Illuminate/Database/Connection.php(813): Illuminate/Database/Connection->runQueryCallback('alter table `in...', Array, Object(Closure))
#1 D:/project laravel/centralkitchen/vendor/laravel/framework/src/Illuminate/Database/Connection.php(590): Illuminate/Database/Connection->run('alter table `in...', Array, Object(Closure))
#2 D:/project laravel/centralkitchen/vendor/laravel/framework/src/Illuminate/Database/Schema/Blueprint.php(122): Illuminate/Database/Connection->statement('alter table `in...')
#3 D:/project laravel/centralkitchen/vendor/laravel/framework/src/Illuminate/Database/Schema/Builder.php(704): Illuminate/Database/Schema/Blueprint->build()
#4 D:/project laravel/centralkitchen/vendor/laravel/framework/src/Illuminate/Database/Schema/Builder.php(522): Illuminate/Database/Schema/Builder->build(Object(Illuminate/Database/Schema/Blueprint))
#5 D:/project laravel/centralkitchen/vendor/laravel/framework/src/Illuminate/Support/Facades/Facade.php(364): Illuminate/Database/Schema/Builder->create('inventory_movem...', Object(Closure))
#6 D:/project laravel/centralkitchen/database/migrations/2026_01_01_000006_create_inventory_tables.php(50): Illuminate/Support/Facades/Facade::__callStatic('create', Array)
#7 D:/project laravel/centralkitchen/vendor/laravel/framework/src/Illuminate/Database/Migrations/Migrator.php(517): Illuminate/Database/Migrations/Migration@anonymous->up()
#8 D:/project laravel/centralkitchen/vendor/laravel/framework/src/Illuminate/Database/Migrations/Migrator.php(442): Illuminate/Database/Migrations/Migrator->runMethod(Object(Illuminate/Database/MySqlConnection), Object(Illuminate/Database/Migrations/Migration@anonymous), 'up')
#9 D:/project laravel/centralkitchen/vendor/laravel/framework/src/Illuminate/Database/Migrations/Migrator.php(451): Illuminate/Database/Migrations/Migrator->Illuminate/Database/Migrations/{closure}()
#10 D:/project laravel/centralkitchen/vendor/laravel/framework/src/Illuminate/Database/Migrations/Migrator.php(253): Illuminate/Database/Migrations/Migrator->runMigration(Object(Illuminate/Database/Migrations/Migration@anonymous), 'up', '2026_01_01_0000...')
#11 D:/project laravel/centralkitchen/vendor/laravel/framework/src/Illuminate/Console/View/Components/Task.php(43): Illuminate/Database/Migrations/Migrator->Illuminate/Database/Migrations/{closure}()
#12 D:/project laravel/centralkitchen/vendor/laravel/framework/src/Illuminate/Database/Migrations/Migrator.php(853): Illuminate/Console/View/Components/Task->render('2026_01_01_0000...', Object(Closure))
#13 D:/project laravel/centralkitchen/vendor/laravel/framework/src/Illuminate/Database/Migrations/Migrator.php(253): Illuminate/Database/Migrations/Migrator->write('Illuminate//Cons...', '2026_01_01_0000...', Object(Closure))
#14 D:/project laravel/centralkitchen/vendor/laravel/framework/src/Illuminate/Database/Migrations/Migrator.php(211): Illuminate/Database/Migrations/Migrator->runUp('D://project lara...', 1, false)
#15 D:/project laravel/centralkitchen/vendor/laravel/framework/src/Illuminate/Database/Migrations/Migrator.php(138): Illuminate/Database/Migrations/Migrator->runPending(Array, Array)
#16 D:/project laravel/centralkitchen/vendor/laravel/framework/src/Illuminate/Database/Console/Migrations/MigrateCommand.php(118): Illuminate/Database/Migrations/Migrator->run(Array, Array)
#17 D:/project laravel/centralkitchen/vendor/laravel/framework/src/Illuminate/Database/Migrations/Migrator.php(672): Illuminate/Database/Console/Migrations/MigrateCommand->Illuminate/Database/Console/Migrations/{closure}()
#18 D:/project laravel/centralkitchen/vendor/laravel/framework/src/Illuminate/Database/Console/Migrations/MigrateCommand.php(111): Illuminate/Database/Migrations/Migrator->usingConnection(NULL, Object(Closure))
#19 D:/project laravel/centralkitchen/vendor/laravel/framework/src/Illuminate/Database/Console/Migrations/MigrateCommand.php(90): Illuminate/Database/Console/Migrations/MigrateCommand->runMigrations()
#20 D:/project laravel/centralkitchen/vendor/laravel/framework/src/Illuminate/Container/BoundMethod.php(36): Illuminate/Database/Console/Migrations/MigrateCommand->handle()
#21 D:/project laravel/centralkitchen/vendor/laravel/framework/src/Illuminate/Container/Util.php(43): Illuminate/Container/BoundMethod::Illuminate/Container/{closure}()
#22 D:/project laravel/centralkitchen/vendor/laravel/framework/src/Illuminate/Container/BoundMethod.php(96): Illuminate/Container/Util::unwrapIfClosure(Object(Closure))
#23 D:/project laravel/centralkitchen/vendor/laravel/framework/src/Illuminate/Container/BoundMethod.php(35): Illuminate/Container/BoundMethod::callBoundMethod(Object(Illuminate/Foundation/Application), Array, Object(Closure))
#24 D:/project laravel/centralkitchen/vendor/laravel/framework/src/Illuminate/Container/Container.php(803): Illuminate/Container/BoundMethod::call(Object(Illuminate/Foundation/Application), Array, Array, NULL)
#25 D:/project laravel/centralkitchen/vendor/laravel/framework/src/Illuminate/Console/Command.php(292): Illuminate/Container/Container->call(Array)
#26 D:/project laravel/centralkitchen/vendor/symfony/console/Command/Command.php(341): Illuminate/Console/Command->execute(Object(Symfony/Component/Console/Input/ArrayInput), Object(Illuminate/Console/OutputStyle))
#27 D:/project laravel/centralkitchen/vendor/laravel/framework/src/Illuminate/Console/Command.php(261): Symfony/Component/Console/Command/Command->run(Object(Symfony/Component/Console/Input/ArrayInput), Object(Illuminate/Console/OutputStyle))
#28 D:/project laravel/centralkitchen/vendor/laravel/framework/src/Illuminate/Console/Concerns/CallsCommands.php(68): Illuminate/Console/Command->run(Object(Symfony/Component/Console/Input/ArrayInput), Object(Illuminate/Console/OutputStyle))
#29 D:/project laravel/centralkitchen/vendor/laravel/framework/src/Illuminate/Console/Concerns/CallsCommands.php(29): Illuminate/Console/Command->runCommand('migrate', Array, Object(Illuminate/Console/OutputStyle))
#30 D:/project laravel/centralkitchen/vendor/laravel/framework/src/Illuminate/Database/Console/Migrations/FreshCommand.php(96): Illuminate/Console/Command->call('migrate', Array)
#31 D:/project laravel/centralkitchen/vendor/laravel/framework/src/Illuminate/Container/BoundMethod.php(36): Illuminate/Database/Console/Migrations/FreshCommand->handle()
#32 D:/project laravel/centralkitchen/vendor/laravel/framework/src/Illuminate/Container/Util.php(43): Illuminate/Container/BoundMethod::Illuminate/Container/{closure}()
#33 D:/project laravel/centralkitchen/vendor/laravel/framework/src/Illuminate/Container/BoundMethod.php(96): Illuminate/Container/Util::unwrapIfClosure(Object(Closure))
#34 D:/project laravel/centralkitchen/vendor/laravel/framework/src/Illuminate/Container/BoundMethod.php(35): Illuminate/Container/BoundMethod::callBoundMethod(Object(Illuminate/Foundation/Application), Array, Object(Closure))
#35 D:/project laravel/centralkitchen/vendor/laravel/framework/src/Illuminate/Container/Container.php(803): Illuminate/Container/BoundMethod::call(Object(Illuminate/Foundation/Application), Array, Array, NULL)
#36 D:/project laravel/centralkitchen/vendor/laravel/framework/src/Illuminate/Console/Command.php(292): Illuminate/Container/Container->call(Array)
#37 D:/project laravel/centralkitchen/vendor/symfony/console/Command/Command.php(341): Illuminate/Console/Command->execute(Object(Symfony/Component/Console/Input/ArgvInput), Object(Illuminate/Console/OutputStyle))
#38 D:/project laravel/centralkitchen/vendor/laravel/framework/src/Illuminate/Console/Command.php(261): Symfony/Component/Console/Command/Command->run(Object(Symfony/Component/Console/Input/ArgvInput), Object(Illuminate/Console/OutputStyle))
#39 D:/project laravel/centralkitchen/vendor/symfony/console/Application.php(1117): Illuminate/Console/Command->run(Object(Symfony/Component/Console/Input/ArgvInput), Object(Symfony/Component/Console/Output/ConsoleOutput))
#40 D:/project laravel/centralkitchen/vendor/symfony/console/Application.php(356): Symfony/Component/Console/Application->doRunCommand(Object(Illuminate/Database/Console/Migrations/FreshCommand), Object(Symfony/Component/Console/Input/ArgvInput), Object(Symfony/Component/Console/Output/ConsoleOutput))
#41 D:/project laravel/centralkitchen/vendor/symfony/console/Application.php(195): Symfony/Component/Console/Application->doRun(Object(Symfony/Component/Console/Input/ArgvInput), Object(Symfony/Component/Console/Output/ConsoleOutput))
#42 D:/project laravel/centralkitchen/vendor/laravel/framework/src/Illuminate/Foundation/Console/Kernel.php(198): Symfony/Component/Console/Application->run(Object(Symfony/Component/Console/Input/ArgvInput), Object(Symfony/Component/Console/Output/ConsoleOutput))
#43 D:/project laravel/centralkitchen/vendor/laravel/framework/src/Illuminate/Foundation/Application.php(1242): Illuminate/Foundation/Console/Kernel->handle(Object(Symfony/Component/Console/Input/ArgvInput), Object(Symfony/Component/Console/Output/ConsoleOutput))
#44 D:/project laravel/centralkitchen/artisan(14): Illuminate/Foundation/Application->handleCommand(Object(Symfony/Component/Console/Input/ArgvInput))
#45 {main}

[previous exception] [object] (PDOException(code: 42000): SQLSTATE[42000]: Syntax error or access violation: 1059 Identifier name 'inventory_movements_warehouse_id_item_type_item_id_movement_date_index' is too long at D:/project laravel/centralkitchen/vendor/laravel/framework/src/Illuminate/Database/Connection.php:601)
[stacktrace]
#0 D:/project laravel/centralkitchen/vendor/laravel/framework/src/Illuminate/Database/Connection.php(601): PDOStatement->execute()
#1 D:/project laravel/centralkitchen/vendor/laravel/framework/src/Illuminate/Database/Connection.php(846): Illuminate/Database/Connection->Illuminate/Database/{closure}('alter table `in...', Array)
#2 D:/project laravel/centralkitchen/vendor/laravel/framework/src/Illuminate/Database/Connection.php(813): Illuminate/Database/Connection->runQueryCallback('alter table `in...', Array, Object(Closure))
#3 D:/project laravel/centralkitchen/vendor/laravel/framework/src/Illuminate/Database/Connection.php(590): Illuminate/Database/Connection->run('alter table `in...', Array, Object(Closure))
#4 D:/project laravel/centralkitchen/vendor/laravel/framework/src/Illuminate/Database/Schema/Blueprint.php(122): Illuminate/Database/Connection->statement('alter table `in...')
#5 D:/project laravel/centralkitchen/vendor/laravel/framework/src/Illuminate/Database/Schema/Builder.php(704): Illuminate/Database/Schema/Blueprint->build()
#6 D:/project laravel/centralkitchen/vendor/laravel/framework/src/Illuminate/Database/Schema/Builder.php(522): Illuminate/Database/Schema/Builder->build(Object(Illuminate/Database/Schema/Blueprint))
#7 D:/project laravel/centralkitchen/vendor/laravel/framework/src/Illuminate/Support/Facades/Facade.php(364): Illuminate/Database/Schema/Builder->create('inventory_movem...', Object(Closure))
#8 D:/project laravel/centralkitchen/database/migrations/2026_01_01_000006_create_inventory_tables.php(50): Illuminate/Support/Facades/Facade::__callStatic('create', Array)
#9 D:/project laravel/centralkitchen/vendor/laravel/framework/src/Illuminate/Database/Migrations/Migrator.php(517): Illuminate/Database/Migrations/Migration@anonymous->up()
#10 D:/project laravel/centralkitchen/vendor/laravel/framework/src/Illuminate/Database/Migrations/Migrator.php(442): Illuminate/Database/Migrations/Migrator->runMethod(Object(Illuminate/Database/MySqlConnection), Object(Illuminate/Database/Migrations/Migration@anonymous), 'up')
#11 D:/project laravel/centralkitchen/vendor/laravel/framework/src/Illuminate/Database/Migrations/Migrator.php(451): Illuminate/Database/Migrations/Migrator->Illuminate/Database/Migrations/{closure}()
#12 D:/project laravel/centralkitchen/vendor/laravel/framework/src/Illuminate/Database/Migrations/Migrator.php(253): Illuminate/Database/Migrations/Migrator->runMigration(Object(Illuminate/Database/Migrations/Migration@anonymous), 'up', '2026_01_01_0000...')
#13 D:/project laravel/centralkitchen/vendor/laravel/framework/src/Illuminate/Console/View/Components/Task.php(43): Illuminate/Database/Migrations/Migrator->Illuminate/Database/Migrations/{closure}()
#14 D:/project laravel/centralkitchen/vendor/laravel/framework/src/Illuminate/Database/Migrations/Migrator.php(853): Illuminate/Console/View/Components/Task->render('2026_01_01_0000...', Object(Closure))
#15 D:/project laravel/centralkitchen/vendor/laravel/framework/src/Illuminate/Database/Migrations/Migrator.php(253): Illuminate/Database/Migrations/Migrator->write('Illuminate//Cons...', '2026_01_01_0000...', Object(Closure))
#16 D:/project laravel/centralkitchen/vendor/laravel/framework/src/Illuminate/Database/Migrations/Migrator.php(211): Illuminate/Database/Migrations/Migrator->runUp('D://project lara...', 1, false)
#17 D:/project laravel/centralkitchen/vendor/laravel/framework/src/Illuminate/Database/Migrations/Migrator.php(138): Illuminate/Database/Migrations/Migrator->runPending(Array, Array)
#18 D:/project laravel/centralkitchen/vendor/laravel/framework/src/Illuminate/Database/Console/Migrations/MigrateCommand.php(118): Illuminate/Database/Migrations/Migrator->run(Array, Array)
#19 D:/project laravel/centralkitchen/vendor/laravel/framework/src/Illuminate/Database/Migrations/Migrator.php(672): Illuminate/Database/Console/Migrations/MigrateCommand->Illuminate/Database/Console/Migrations/{closure}()
#20 D:/project laravel/centralkitchen/vendor/laravel/framework/src/Illuminate/Database/Console/Migrations/MigrateCommand.php(111): Illuminate/Database/Migrations/Migrator->usingConnection(NULL, Object(Closure))
#21 D:/project laravel/centralkitchen/vendor/laravel/framework/src/Illuminate/Database/Console/Migrations/MigrateCommand.php(90): Illuminate/Database/Console/Migrations/MigrateCommand->runMigrations()
#22 D:/project laravel/centralkitchen/vendor/laravel/framework/src/Illuminate/Container/BoundMethod.php(36): Illuminate/Database/Console/Migrations/MigrateCommand->handle()
#23 D:/project laravel/centralkitchen/vendor/laravel/framework/src/Illuminate/Container/Util.php(43): Illuminate/Container/BoundMethod::Illuminate/Container/{closure}()
#24 D:/project laravel/centralkitchen/vendor/laravel/framework/src/Illuminate/Container/BoundMethod.php(96): Illuminate/Container/Util::unwrapIfClosure(Object(Closure))
#25 D:/project laravel/centralkitchen/vendor/laravel/framework/src/Illuminate/Container/BoundMethod.php(35): Illuminate/Container/BoundMethod::callBoundMethod(Object(Illuminate/Foundation/Application), Array, Object(Closure))
#26 D:/project laravel/centralkitchen/vendor/laravel/framework/src/Illuminate/Container/Container.php(803): Illuminate/Container/BoundMethod::call(Object(Illuminate/Foundation/Application), Array, Array, NULL)
#27 D:/project laravel/centralkitchen/vendor/laravel/framework/src/Illuminate/Console/Command.php(292): Illuminate/Container/Container->call(Array)
#28 D:/project laravel/centralkitchen/vendor/symfony/console/Command/Command.php(341): Illuminate/Console/Command->execute(Object(Symfony/Component/Console/Input/ArrayInput), Object(Illuminate/Console/OutputStyle))
#29 D:/project laravel/centralkitchen/vendor/laravel/framework/src/Illuminate/Console/Command.php(261): Symfony/Component/Console/Command/Command->run(Object(Symfony/Component/Console/Input/ArrayInput), Object(Illuminate/Console/OutputStyle))
#30 D:/project laravel/centralkitchen/vendor/laravel/framework/src/Illuminate/Console/Concerns/CallsCommands.php(68): Illuminate/Console/Command->run(Object(Symfony/Component/Console/Input/ArrayInput), Object(Illuminate/Console/OutputStyle))
#31 D:/project laravel/centralkitchen/vendor/laravel/framework/src/Illuminate/Console/Concerns/CallsCommands.php(29): Illuminate/Console/Command->runCommand('migrate', Array, Object(Illuminate/Console/OutputStyle))
#32 D:/project laravel/centralkitchen/vendor/laravel/framework/src/Illuminate/Database/Console/Migrations/FreshCommand.php(96): Illuminate/Console/Command->call('migrate', Array)
#33 D:/project laravel/centralkitchen/vendor/laravel/framework/src/Illuminate/Container/BoundMethod.php(36): Illuminate/Database/Console/Migrations/FreshCommand->handle()
#34 D:/project laravel/centralkitchen/vendor/laravel/framework/src/Illuminate/Container/Util.php(43): Illuminate/Container/BoundMethod::Illuminate/Container/{closure}()
#35 D:/project laravel/centralkitchen/vendor/laravel/framework/src/Illuminate/Container/BoundMethod.php(96): Illuminate/Container/Util::unwrapIfClosure(Object(Closure))
#36 D:/project laravel/centralkitchen/vendor/laravel/framework/src/Illuminate/Container/BoundMethod.php(35): Illuminate/Container/BoundMethod::callBoundMethod(Object(Illuminate/Foundation/Application), Array, Object(Closure))
#37 D:/project laravel/centralkitchen/vendor/laravel/framework/src/Illuminate/Container/Container.php(803): Illuminate/Container/BoundMethod::call(Object(Illuminate/Foundation/Application), Array, Array, NULL)
#38 D:/project laravel/centralkitchen/vendor/laravel/framework/src/Illuminate/Console/Command.php(292): Illuminate/Container/Container->call(Array)
#39 D:/project laravel/centralkitchen/vendor/symfony/console/Command/Command.php(341): Illuminate/Console/Command->execute(Object(Symfony/Component/Console/Input/ArgvInput), Object(Illuminate/Console/OutputStyle))
#40 D:/project laravel/centralkitchen/vendor/laravel/framework/src/Illuminate/Console/Command.php(261): Symfony/Component/Console/Command/Command->run(Object(Symfony/Component/Console/Input/ArgvInput), Object(Illuminate/Console/OutputStyle))
#41 D:/project laravel/centralkitchen/vendor/symfony/console/Application.php(1117): Illuminate/Console/Command->run(Object(Symfony/Component/Console/Input/ArgvInput), Object(Symfony/Component/Console/Output/ConsoleOutput))
#42 D:/project laravel/centralkitchen/vendor/symfony/console/Application.php(356): Symfony/Component/Console/Application->doRunCommand(Object(Illuminate/Database/Console/Migrations/FreshCommand), Object(Symfony/Component/Console/Input/ArgvInput), Object(Symfony/Component/Console/Output/ConsoleOutput))
#43 D:/project laravel/centralkitchen/vendor/symfony/console/Application.php(195): Symfony/Component/Console/Application->doRun(Object(Symfony/Component/Console/Input/ArgvInput), Object(Symfony/Component/Console/Output/ConsoleOutput))
#44 D:/project laravel/centralkitchen/vendor/laravel/framework/src/Illuminate/Foundation/Console/Kernel.php(198): Symfony/Component/Console/Application->run(Object(Symfony/Component/Console/Input/ArgvInput), Object(Symfony/Component/Console/Output/ConsoleOutput))
#45 D:/project laravel/centralkitchen/vendor/laravel/framework/src/Illuminate/Foundation/Application.php(1242): Illuminate/Foundation/Console/Kernel->handle(Object(Symfony/Component/Console/Input/ArgvInput), Object(Symfony/Component/Console/Output/ConsoleOutput))
#46 D:/project laravel/centralkitchen/artisan(14): Illuminate/Foundation/Application->handleCommand(Object(Symfony/Component/Console/Input/ArgvInput))
#47 {main}
"} 
[2026-09-28 02:03:20] testing.ERROR: Unsupported cipher or incorrect key length. Supported ciphers are: aes-128-cbc, aes-256-cbc, aes-128-gcm, aes-256-gcm. {"exception":"[object] (RuntimeException(code: 0): Unsupported cipher or incorrect key length. Supported ciphers are: aes-128-cbc, aes-256-cbc, aes-128-gcm, aes-256-gcm. at D:/project laravel/centralkitchen/vendor/laravel/framework/src/Illuminate/Encryption/Encrypter.php:61)
[stacktrace]
#0 D:/project laravel/centralkitchen/vendor/laravel/framework/src/Illuminate/Encryption/EncryptionServiceProvider.php(32): Illuminate/Encryption/Encrypter->__construct(Object(SensitiveParameterValue), 'AES-256-CBC')
#1 D:/project laravel/centralkitchen/vendor/laravel/framework/src/Illuminate/Container/Container.php(1140): Illuminate/Encryption/EncryptionServiceProvider->Illuminate/Encryption/{closure}(Object(Illuminate/Foundation/Application), Array)
#2 D:/project laravel/centralkitchen/vendor/laravel/framework/src/Illuminate/Container/Container.php(939): Illuminate/Container/Container->build(Object(Closure))
#3 D:/project laravel/centralkitchen/vendor/laravel/framework/src/Illuminate/Foundation/Application.php(1085): Illuminate/Container/Container->resolve('encrypter', Array, true)
#4 D:/project laravel/centralkitchen/vendor/laravel/framework/src/Illuminate/Container/Container.php(867): Illuminate/Foundation/Application->resolve('encrypter', Array)
#5 D:/project laravel/centralkitchen/vendor/laravel/framework/src/Illuminate/Foundation/Application.php(1065): Illuminate/Container/Container->make('encrypter', Array)
#6 D:/project laravel/centralkitchen/vendor/laravel/framework/src/Illuminate/Container/Container.php(1363): Illuminate/Foundation/Application->make('encrypter')
#7 D:/project laravel/centralkitchen/vendor/laravel/framework/src/Illuminate/Container/Container.php(1264): Illuminate/Container/Container->resolveClass(Object(ReflectionParameter), 'Illuminate//Cont...')
#8 D:/project laravel/centralkitchen/vendor/laravel/framework/src/Illuminate/Container/Container.php(1187): Illuminate/Container/Container->resolveDependencies(Array)
#9 D:/project laravel/centralkitchen/vendor/laravel/framework/src/Illuminate/Container/Container.php(939): Illuminate/Container/Container->build('Illuminate//Cook...')
#10 D:/project laravel/centralkitchen/vendor/laravel/framework/src/Illuminate/Foundation/Application.php(1085): Illuminate/Container/Container->resolve('Illuminate//Cook...', Array, true)
#11 D:/project laravel/centralkitchen/vendor/laravel/framework/src/Illuminate/Container/Container.php(867): Illuminate/Foundation/Application->resolve('Illuminate//Cook...', Array)
#12 D:/project laravel/centralkitchen/vendor/laravel/framework/src/Illuminate/Foundation/Application.php(1065): Illuminate/Container/Container->make('Illuminate//Cook...', Array)
#13 D:/project laravel/centralkitchen/vendor/laravel/framework/src/Illuminate/Pipeline/Pipeline.php(208): Illuminate/Foundation/Application->make('Illuminate//Cook...')
#14 D:/project laravel/centralkitchen/vendor/laravel/framework/src/Illuminate/Pipeline/Pipeline.php(137): Illuminate/Pipeline/Pipeline->Illuminate/Pipeline/{closure}(Object(Illuminate/Http/Request))
#15 D:/project laravel/centralkitchen/vendor/laravel/framework/src/Illuminate/Routing/Router.php(821): Illuminate/Pipeline/Pipeline->then(Object(Closure))
#16 D:/project laravel/centralkitchen/vendor/laravel/framework/src/Illuminate/Routing/Router.php(800): Illuminate/Routing/Router->runRouteWithinStack(Object(Illuminate/Routing/Route), Object(Illuminate/Http/Request))
#17 D:/project laravel/centralkitchen/vendor/laravel/framework/src/Illuminate/Routing/Router.php(764): Illuminate/Routing/Router->runRoute(Object(Illuminate/Http/Request), Object(Illuminate/Routing/Route))
#18 D:/project laravel/centralkitchen/vendor/laravel/framework/src/Illuminate/Routing/Router.php(753): Illuminate/Routing/Router->dispatchToRoute(Object(Illuminate/Http/Request))
#19 D:/project laravel/centralkitchen/vendor/laravel/framework/src/Illuminate/Foundation/Http/Kernel.php(200): Illuminate/Routing/Router->dispatch(Object(Illuminate/Http/Request))
#20 D:/project laravel/centralkitchen/vendor/laravel/framework/src/Illuminate/Pipeline/Pipeline.php(180): Illuminate/Foundation/Http/Kernel->Illuminate/Foundation/Http/{closure}(Object(Illuminate/Http/Request))
#21 D:/project laravel/centralkitchen/vendor/laravel/framework/src/Illuminate/Foundation/Http/Middleware/TransformsRequest.php(21): Illuminate/Pipeline/Pipeline->Illuminate/Pipeline/{closure}(Object(Illuminate/Http/Request))
#22 D:/project laravel/centralkitchen/vendor/laravel/framework/src/Illuminate/Foundation/Http/Middleware/ConvertEmptyStringsToNull.php(31): Illuminate/Foundation/Http/Middleware/TransformsRequest->handle(Object(Illuminate/Http/Request), Object(Closure))
#23 D:/project laravel/centralkitchen/vendor/laravel/framework/src/Illuminate/Pipeline/Pipeline.php(219): Illuminate/Foundation/Http/Middleware/ConvertEmptyStringsToNull->handle(Object(Illuminate/Http/Request), Object(Closure))
#24 D:/project laravel/centralkitchen/vendor/laravel/framework/src/Illuminate/Foundation/Http/Middleware/TransformsRequest.php(21): Illuminate/Pipeline/Pipeline->Illuminate/Pipeline/{closure}(Object(Illuminate/Http/Request))
#25 D:/project laravel/centralkitchen/vendor/laravel/framework/src/Illuminate/Foundation/Http/Middleware/TrimStrings.php(51): Illuminate/Foundation/Http/Middleware/TransformsRequest->handle(Object(Illuminate/Http/Request), Object(Closure))
#26 D:/project laravel/centralkitchen/vendor/laravel/framework/src/Illuminate/Pipeline/Pipeline.php(219): Illuminate/Foundation/Http/Middleware/TrimStrings->handle(Object(Illuminate/Http/Request), Object(Closure))
#27 D:/project laravel/centralkitchen/vendor/laravel/framework/src/Illuminate/Http/Middleware/ValidatePostSize.php(27): Illuminate/Pipeline/Pipeline->Illuminate/Pipeline/{closure}(Object(Illuminate/Http/Request))
#28 D:/project laravel/centralkitchen/vendor/laravel/framework/src/Illuminate/Pipeline/Pipeline.php(219): Illuminate/Http/Middleware/ValidatePostSize->handle(Object(Illuminate/Http/Request), Object(Closure))
#29 D:/project laravel/centralkitchen/vendor/laravel/framework/src/Illuminate/Foundation/Http/Middleware/PreventRequestsDuringMaintenance.php(110): Illuminate/Pipeline/Pipeline->Illuminate/Pipeline/{closure}(Object(Illuminate/Http/Request))
#30 D:/project laravel/centralkitchen/vendor/laravel/framework/src/Illuminate/Pipeline/Pipeline.php(219): Illuminate/Foundation/Http/Middleware/PreventRequestsDuringMaintenance->handle(Object(Illuminate/Http/Request), Object(Closure))
#31 D:/project laravel/centralkitchen/vendor/laravel/framework/src/Illuminate/Http/Middleware/HandleCors.php(61): Illuminate/Pipeline/Pipeline->Illuminate/Pipeline/{closure}(Object(Illuminate/Http/Request))
#32 D:/project laravel/centralkitchen/vendor/laravel/framework/src/Illuminate/Pipeline/Pipeline.php(219): Illuminate/Http/Middleware/HandleCors->handle(Object(Illuminate/Http/Request), Object(Closure))
#33 D:/project laravel/centralkitchen/vendor/laravel/framework/src/Illuminate/Http/Middleware/TrustProxies.php(58): Illuminate/Pipeline/Pipeline->Illuminate/Pipeline/{closure}(Object(Illuminate/Http/Request))
#34 D:/project laravel/centralkitchen/vendor/laravel/framework/src/Illuminate/Pipeline/Pipeline.php(219): Illuminate/Http/Middleware/TrustProxies->handle(Object(Illuminate/Http/Request), Object(Closure))
#35 D:/project laravel/centralkitchen/vendor/laravel/framework/src/Illuminate/Foundation/Http/Middleware/InvokeDeferredCallbacks.php(22): Illuminate/Pipeline/Pipeline->Illuminate/Pipeline/{closure}(Object(Illuminate/Http/Request))
#36 D:/project laravel/centralkitchen/vendor/laravel/framework/src/Illuminate/Pipeline/Pipeline.php(219): Illuminate/Foundation/Http/Middleware/InvokeDeferredCallbacks->handle(Object(Illuminate/Http/Request), Object(Closure))
#37 D:/project laravel/centralkitchen/vendor/laravel/framework/src/Illuminate/Http/Middleware/ValidatePathEncoding.php(28): Illuminate/Pipeline/Pipeline->Illuminate/Pipeline/{closure}(Object(Illuminate/Http/Request))
#38 D:/project laravel/centralkitchen/vendor/laravel/framework/src/Illuminate/Pipeline/Pipeline.php(219): Illuminate/Http/Middleware/ValidatePathEncoding->handle(Object(Illuminate/Http/Request), Object(Closure))
#39 D:/project laravel/centralkitchen/vendor/laravel/framework/src/Illuminate/Pipeline/Pipeline.php(137): Illuminate/Pipeline/Pipeline->Illuminate/Pipeline/{closure}(Object(Illuminate/Http/Request))
#40 D:/project laravel/centralkitchen/vendor/laravel/framework/src/Illuminate/Foundation/Http/Kernel.php(175): Illuminate/Pipeline/Pipeline->then(Object(Closure))
#41 D:/project laravel/centralkitchen/vendor/laravel/framework/src/Illuminate/Foundation/Http/Kernel.php(144): Illuminate/Foundation/Http/Kernel->sendRequestThroughRouter(Object(Illuminate/Http/Request))
#42 D:/project laravel/centralkitchen/vendor/laravel/framework/src/Illuminate/Foundation/Testing/Concerns/MakesHttpRequests.php(638): Illuminate/Foundation/Http/Kernel->handle(Object(Illuminate/Http/Request))
#43 D:/project laravel/centralkitchen/vendor/laravel/framework/src/Illuminate/Foundation/Testing/Concerns/MakesHttpRequests.php(368): Illuminate/Foundation/Testing/TestCase->call('GET', '/dashboard', Array, Array, Array, Array)
#44 D:/project laravel/centralkitchen/tests/Feature/DistributionTest.php(67): Illuminate/Foundation/Testing/TestCase->get('/dashboard')
#45 D:/project laravel/centralkitchen/vendor/phpunit/phpunit/src/Framework/TestCase.php(1667): Tests/Feature/DistributionTest->test_authorization_guest_cannot_access_dashboard()
#46 D:/project laravel/centralkitchen/vendor/phpunit/phpunit/src/Framework/TestCase.php(519): PHPUnit/Framework/TestCase->runTest()
#47 D:/project laravel/centralkitchen/vendor/phpunit/phpunit/src/Framework/TestRunner/TestRunner.php(87): PHPUnit/Framework/TestCase->runBare()
#48 D:/project laravel/centralkitchen/vendor/phpunit/phpunit/src/Framework/TestCase.php(365): PHPUnit/Framework/TestRunner->run(Object(Tests/Feature/DistributionTest))
#49 D:/project laravel/centralkitchen/vendor/phpunit/phpunit/src/Framework/TestSuite.php(369): PHPUnit/Framework/TestCase->run()
#50 D:/project laravel/centralkitchen/vendor/phpunit/phpunit/src/Framework/TestSuite.php(369): PHPUnit/Framework/TestSuite->run()
#51 D:/project laravel/centralkitchen/vendor/phpunit/phpunit/src/Framework/TestSuite.php(369): PHPUnit/Framework/TestSuite->run()
#52 D:/project laravel/centralkitchen/vendor/phpunit/phpunit/src/TextUI/TestRunner.php(64): PHPUnit/Framework/TestSuite->run()
#53 D:/project laravel/centralkitchen/vendor/phpunit/phpunit/src/TextUI/Application.php(211): PHPUnit/TextUI/TestRunner->run(Object(PHPUnit/TextUI/Configuration/Configuration), Object(PHPUnit/Runner/ResultCache/DefaultResultCache), Object(PHPUnit/Framework/TestSuite))
#54 D:/project laravel/centralkitchen/vendor/phpunit/phpunit/phpunit(104): PHPUnit/TextUI/Application->run(Array)
#55 {main}
"} 
[2026-09-28 02:03:41] testing.ERROR: Unsupported cipher or incorrect key length. Supported ciphers are: aes-128-cbc, aes-256-cbc, aes-128-gcm, aes-256-gcm. {"exception":"[object] (RuntimeException(code: 0): Unsupported cipher or incorrect key length. Supported ciphers are: aes-128-cbc, aes-256-cbc, aes-128-gcm, aes-256-gcm. at D:/project laravel/centralkitchen/vendor/laravel/framework/src/Illuminate/Encryption/Encrypter.php:61)
[stacktrace]
#0 D:/project laravel/centralkitchen/vendor/laravel/framework/src/Illuminate/Encryption/EncryptionServiceProvider.php(32): Illuminate/Encryption/Encrypter->__construct(Object(SensitiveParameterValue), 'AES-256-CBC')
#1 D:/project laravel/centralkitchen/vendor/laravel/framework/src/Illuminate/Container/Container.php(1140): Illuminate/Encryption/EncryptionServiceProvider->Illuminate/Encryption/{closure}(Object(Illuminate/Foundation/Application), Array)
#2 D:/project laravel/centralkitchen/vendor/laravel/framework/src/Illuminate/Container/Container.php(939): Illuminate/Container/Container->build(Object(Closure))
#3 D:/project laravel/centralkitchen/vendor/laravel/framework/src/Illuminate/Foundation/Application.php(1085): Illuminate/Container/Container->resolve('encrypter', Array, true)
#4 D:/project laravel/centralkitchen/vendor/laravel/framework/src/Illuminate/Container/Container.php(867): Illuminate/Foundation/Application->resolve('encrypter', Array)
#5 D:/project laravel/centralkitchen/vendor/laravel/framework/src/Illuminate/Foundation/Application.php(1065): Illuminate/Container/Container->make('encrypter', Array)
#6 D:/project laravel/centralkitchen/vendor/laravel/framework/src/Illuminate/Container/Container.php(1363): Illuminate/Foundation/Application->make('encrypter')
#7 D:/project laravel/centralkitchen/vendor/laravel/framework/src/Illuminate/Container/Container.php(1264): Illuminate/Container/Container->resolveClass(Object(ReflectionParameter), 'Illuminate//Cont...')
#8 D:/project laravel/centralkitchen/vendor/laravel/framework/src/Illuminate/Container/Container.php(1187): Illuminate/Container/Container->resolveDependencies(Array)
#9 D:/project laravel/centralkitchen/vendor/laravel/framework/src/Illuminate/Container/Container.php(939): Illuminate/Container/Container->build('Illuminate//Cook...')
#10 D:/project laravel/centralkitchen/vendor/laravel/framework/src/Illuminate/Foundation/Application.php(1085): Illuminate/Container/Container->resolve('Illuminate//Cook...', Array, true)
#11 D:/project laravel/centralkitchen/vendor/laravel/framework/src/Illuminate/Container/Container.php(867): Illuminate/Foundation/Application->resolve('Illuminate//Cook...', Array)
#12 D:/project laravel/centralkitchen/vendor/laravel/framework/src/Illuminate/Foundation/Application.php(1065): Illuminate/Container/Container->make('Illuminate//Cook...', Array)
#13 D:/project laravel/centralkitchen/vendor/laravel/framework/src/Illuminate/Pipeline/Pipeline.php(208): Illuminate/Foundation/Application->make('Illuminate//Cook...')
#14 D:/project laravel/centralkitchen/vendor/laravel/framework/src/Illuminate/Pipeline/Pipeline.php(137): Illuminate/Pipeline/Pipeline->Illuminate/Pipeline/{closure}(Object(Illuminate/Http/Request))
#15 D:/project laravel/centralkitchen/vendor/laravel/framework/src/Illuminate/Routing/Router.php(821): Illuminate/Pipeline/Pipeline->then(Object(Closure))
#16 D:/project laravel/centralkitchen/vendor/laravel/framework/src/Illuminate/Routing/Router.php(800): Illuminate/Routing/Router->runRouteWithinStack(Object(Illuminate/Routing/Route), Object(Illuminate/Http/Request))
#17 D:/project laravel/centralkitchen/vendor/laravel/framework/src/Illuminate/Routing/Router.php(764): Illuminate/Routing/Router->runRoute(Object(Illuminate/Http/Request), Object(Illuminate/Routing/Route))
#18 D:/project laravel/centralkitchen/vendor/laravel/framework/src/Illuminate/Routing/Router.php(753): Illuminate/Routing/Router->dispatchToRoute(Object(Illuminate/Http/Request))
#19 D:/project laravel/centralkitchen/vendor/laravel/framework/src/Illuminate/Foundation/Http/Kernel.php(200): Illuminate/Routing/Router->dispatch(Object(Illuminate/Http/Request))
#20 D:/project laravel/centralkitchen/vendor/laravel/framework/src/Illuminate/Pipeline/Pipeline.php(180): Illuminate/Foundation/Http/Kernel->Illuminate/Foundation/Http/{closure}(Object(Illuminate/Http/Request))
#21 D:/project laravel/centralkitchen/vendor/laravel/framework/src/Illuminate/Foundation/Http/Middleware/TransformsRequest.php(21): Illuminate/Pipeline/Pipeline->Illuminate/Pipeline/{closure}(Object(Illuminate/Http/Request))
#22 D:/project laravel/centralkitchen/vendor/laravel/framework/src/Illuminate/Foundation/Http/Middleware/ConvertEmptyStringsToNull.php(31): Illuminate/Foundation/Http/Middleware/TransformsRequest->handle(Object(Illuminate/Http/Request), Object(Closure))
#23 D:/project laravel/centralkitchen/vendor/laravel/framework/src/Illuminate/Pipeline/Pipeline.php(219): Illuminate/Foundation/Http/Middleware/ConvertEmptyStringsToNull->handle(Object(Illuminate/Http/Request), Object(Closure))
#24 D:/project laravel/centralkitchen/vendor/laravel/framework/src/Illuminate/Foundation/Http/Middleware/TransformsRequest.php(21): Illuminate/Pipeline/Pipeline->Illuminate/Pipeline/{closure}(Object(Illuminate/Http/Request))
#25 D:/project laravel/centralkitchen/vendor/laravel/framework/src/Illuminate/Foundation/Http/Middleware/TrimStrings.php(51): Illuminate/Foundation/Http/Middleware/TransformsRequest->handle(Object(Illuminate/Http/Request), Object(Closure))
#26 D:/project laravel/centralkitchen/vendor/laravel/framework/src/Illuminate/Pipeline/Pipeline.php(219): Illuminate/Foundation/Http/Middleware/TrimStrings->handle(Object(Illuminate/Http/Request), Object(Closure))
#27 D:/project laravel/centralkitchen/vendor/laravel/framework/src/Illuminate/Http/Middleware/ValidatePostSize.php(27): Illuminate/Pipeline/Pipeline->Illuminate/Pipeline/{closure}(Object(Illuminate/Http/Request))
#28 D:/project laravel/centralkitchen/vendor/laravel/framework/src/Illuminate/Pipeline/Pipeline.php(219): Illuminate/Http/Middleware/ValidatePostSize->handle(Object(Illuminate/Http/Request), Object(Closure))
#29 D:/project laravel/centralkitchen/vendor/laravel/framework/src/Illuminate/Foundation/Http/Middleware/PreventRequestsDuringMaintenance.php(110): Illuminate/Pipeline/Pipeline->Illuminate/Pipeline/{closure}(Object(Illuminate/Http/Request))
#30 D:/project laravel/centralkitchen/vendor/laravel/framework/src/Illuminate/Pipeline/Pipeline.php(219): Illuminate/Foundation/Http/Middleware/PreventRequestsDuringMaintenance->handle(Object(Illuminate/Http/Request), Object(Closure))
#31 D:/project laravel/centralkitchen/vendor/laravel/framework/src/Illuminate/Http/Middleware/HandleCors.php(61): Illuminate/Pipeline/Pipeline->Illuminate/Pipeline/{closure}(Object(Illuminate/Http/Request))
#32 D:/project laravel/centralkitchen/vendor/laravel/framework/src/Illuminate/Pipeline/Pipeline.php(219): Illuminate/Http/Middleware/HandleCors->handle(Object(Illuminate/Http/Request), Object(Closure))
#33 D:/project laravel/centralkitchen/vendor/laravel/framework/src/Illuminate/Http/Middleware/TrustProxies.php(58): Illuminate/Pipeline/Pipeline->Illuminate/Pipeline/{closure}(Object(Illuminate/Http/Request))
#34 D:/project laravel/centralkitchen/vendor/laravel/framework/src/Illuminate/Pipeline/Pipeline.php(219): Illuminate/Http/Middleware/TrustProxies->handle(Object(Illuminate/Http/Request), Object(Closure))
#35 D:/project laravel/centralkitchen/vendor/laravel/framework/src/Illuminate/Foundation/Http/Middleware/InvokeDeferredCallbacks.php(22): Illuminate/Pipeline/Pipeline->Illuminate/Pipeline/{closure}(Object(Illuminate/Http/Request))
#36 D:/project laravel/centralkitchen/vendor/laravel/framework/src/Illuminate/Pipeline/Pipeline.php(219): Illuminate/Foundation/Http/Middleware/InvokeDeferredCallbacks->handle(Object(Illuminate/Http/Request), Object(Closure))
#37 D:/project laravel/centralkitchen/vendor/laravel/framework/src/Illuminate/Http/Middleware/ValidatePathEncoding.php(28): Illuminate/Pipeline/Pipeline->Illuminate/Pipeline/{closure}(Object(Illuminate/Http/Request))
#38 D:/project laravel/centralkitchen/vendor/laravel/framework/src/Illuminate/Pipeline/Pipeline.php(219): Illuminate/Http/Middleware/ValidatePathEncoding->handle(Object(Illuminate/Http/Request), Object(Closure))
#39 D:/project laravel/centralkitchen/vendor/laravel/framework/src/Illuminate/Pipeline/Pipeline.php(137): Illuminate/Pipeline/Pipeline->Illuminate/Pipeline/{closure}(Object(Illuminate/Http/Request))
#40 D:/project laravel/centralkitchen/vendor/laravel/framework/src/Illuminate/Foundation/Http/Kernel.php(175): Illuminate/Pipeline/Pipeline->then(Object(Closure))
#41 D:/project laravel/centralkitchen/vendor/laravel/framework/src/Illuminate/Foundation/Http/Kernel.php(144): Illuminate/Foundation/Http/Kernel->sendRequestThroughRouter(Object(Illuminate/Http/Request))
#42 D:/project laravel/centralkitchen/vendor/laravel/framework/src/Illuminate/Foundation/Testing/Concerns/MakesHttpRequests.php(638): Illuminate/Foundation/Http/Kernel->handle(Object(Illuminate/Http/Request))
#43 D:/project laravel/centralkitchen/vendor/laravel/framework/src/Illuminate/Foundation/Testing/Concerns/MakesHttpRequests.php(368): Illuminate/Foundation/Testing/TestCase->call('GET', '/dashboard', Array, Array, Array, Array)
#44 D:/project laravel/centralkitchen/tests/Feature/DistributionTest.php(67): Illuminate/Foundation/Testing/TestCase->get('/dashboard')
#45 D:/project laravel/centralkitchen/vendor/phpunit/phpunit/src/Framework/TestCase.php(1667): Tests/Feature/DistributionTest->test_authorization_guest_cannot_access_dashboard()
#46 D:/project laravel/centralkitchen/vendor/phpunit/phpunit/src/Framework/TestCase.php(519): PHPUnit/Framework/TestCase->runTest()
#47 D:/project laravel/centralkitchen/vendor/phpunit/phpunit/src/Framework/TestRunner/TestRunner.php(87): PHPUnit/Framework/TestCase->runBare()
#48 D:/project laravel/centralkitchen/vendor/phpunit/phpunit/src/Framework/TestCase.php(365): PHPUnit/Framework/TestRunner->run(Object(Tests/Feature/DistributionTest))
#49 D:/project laravel/centralkitchen/vendor/phpunit/phpunit/src/Framework/TestSuite.php(369): PHPUnit/Framework/TestCase->run()
#50 D:/project laravel/centralkitchen/vendor/phpunit/phpunit/src/Framework/TestSuite.php(369): PHPUnit/Framework/TestSuite->run()
#51 D:/project laravel/centralkitchen/vendor/phpunit/phpunit/src/Framework/TestSuite.php(369): PHPUnit/Framework/TestSuite->run()
#52 D:/project laravel/centralkitchen/vendor/phpunit/phpunit/src/TextUI/TestRunner.php(64): PHPUnit/Framework/TestSuite->run()
#53 D:/project laravel/centralkitchen/vendor/phpunit/phpunit/src/TextUI/Application.php(211): PHPUnit/TextUI/TestRunner->run(Object(PHPUnit/TextUI/Configuration/Configuration), Object(PHPUnit/Runner/ResultCache/DefaultResultCache), Object(PHPUnit/Framework/TestSuite))
#54 D:/project laravel/centralkitchen/vendor/phpunit/phpunit/phpunit(104): PHPUnit/TextUI/Application->run(Array)
#55 {main}
"} 
